review_text,rating_svg,date,location,supplier_response,company,rating
i purchased 2 expensive sensors from autodoc. first one they put a cheaper unit in the packaging of the more expensive one hoping I wouldn't notice. second one was marked at as correct fitting part... See more,stars-4.svg,2025-10-02 11:07:42+00:00,,,autodoc,4
"Edit:
After my review, one member reached out and assured me to fix the issue asap. Today Dec 23, I got confirmation that refund has been processed. I wish it was not that big of a mess to start w... See more",stars-4.svg,2025-12-23 17:29:18+00:00,,,autodoc,4
"I had, back in Romania, a good experience with Autodoc, mainly because you have supplied me parts that one hardly can find !
Since I moved to Germany, I had one teriblle experience, making an order... See more",stars-5.svg,2025-09-01 10:24:10+00:00,,,autodoc,5
"Poor delivery!

The products were not delivered or were left at the closest location, which is approximately 45 45-minute walk from the given address. In that case, to buy the product, I will cho... See more",stars-5.svg,2025-11-24 17:39:59+00:00,,,autodoc,5
"Made a few purchases. It's important to check if the parts fit, best would be to write an email to their support before making a purchase. Also ticking ""safe order"" at the bottom is a good idea (the... See more",stars-5.svg,2025-08-29 08:03:21+00:00,,,autodoc,5
"I ordered an exterior mirror through the app. The right product was easy to find, and coincidentally, it was even discounted, and the entire process was quick and easy. Unfortunately, the package coul... See more",stars-5.svg,2025-03-25 13:37:45+00:00,,,autodoc,5
Door handle for my old sharan was really cheap but did not fit according to their website. Small letter at the top clearly showed that it would not fit. It was hard to see when I ordered but still my... See more,stars-5.svg,2025-10-12 06:25:03+00:00,,,autodoc,5
"I've been using this service for a long time. I'm mostly satisfied with everything, there's a wide selection.",stars-4.svg,2025-10-13 17:06:06+00:00,,,autodoc,4
"I have been buying from them for a year now, what i care the most is aftersale service, and these guys nails it, you can reach out to them and they will offer few solutions to make you happy, their c... See more",stars-5.svg,2025-10-21 09:52:33+00:00,,,autodoc,5
"""I am giving 3 stars because there is no option to choose the shipping method. I can't select whether the package is sent via DHL or UPS. Additionally, there is no option to pay more for faster deli... See more",stars-3.svg,2025-04-01 09:53:59+00:00,,,autodoc,3
"what made my experience great this time. I have been using this market for a long time, the spare parts are great, I am satisfied. This time I ordered the spare parts in advance, but the next day I... See more",stars-5.svg,2025-06-15 00:52:22+00:00,,,autodoc,5
"My experience has always been great with AUTODOC. They have the most user-friendly parts catalogue out there as well as a great customer service in many languages.
As a service they do great, but som... See more",stars-5.svg,2025-10-28 18:16:16+00:00,,,autodoc,5
"Autodoc is great option to buy parts online, if you subscribe to the autodoc plus package you will be able to apply your VIN for every part so a expert could match the part that is supposed to be for... See more",stars-5.svg,2026-03-07 11:56:12+00:00,,,autodoc,5
"Ordering three wipers (2 x Front + Rear) for a Renault Space Tourer. None of those could be attached despite providing correct VIN, Company, Model and other required parameters. Support later admitted... See more",stars-5.svg,2025-09-30 19:48:01+00:00,,,autodoc,5
"I’m satisfied with everything products, time and service, but one thing i don’t like was the shipping cost specially if you only need small parts :(",stars-5.svg,2025-11-17 13:45:46+00:00,,,autodoc,5
"Order ok, item ok. 
Four stars because of delivery. I wasn't home and they have left package 35min away from my home.",stars-4.svg,2025-07-04 11:27:50+00:00,,,autodoc,4
11 euros shipping for a 96 cent lightbulb. Completely out of proportion. My husband didn't pay attention. No way of stopping the order within seconds of noticing. Only order bigger products from Auto... See more,stars-3.svg,2025-05-29 15:59:26+00:00,,,autodoc,3
"How are you going to send me the wrong part but charge me to send it back to you? 

This review has been edited due to the excellent customer support I received, return shipping was paid for in the... See more",stars-3.svg,2025-04-23 15:10:11+00:00,,,autodoc,3
"I'm buying spare parts for my cars from them for 6 years and they are doing a great job. Recently we made a mistake on a purchase, but we repaired that and all is good 👍😊",stars-5.svg,2025-10-31 19:35:44+00:00,,,autodoc,5
"Support is working good, you just need to ask about compatibility of spare with your car using your VIN code. Best prices!)))) Thank you!))))",stars-5.svg,2025-07-07 12:12:13+00:00,,,autodoc,5
"Nešto duže smo čekali na pošiljku, ali  na kraju sve je utredno dostavljeno i u potpunosti!
Moje preporuke svima.",stars-5.svg,2026-01-12 14:56:32+00:00,,,autodoc,5
It's take little bit long time for delivery but was perfect fit I'm setisfied thanks autodoc 👍👍👍,stars-5.svg,2025-03-18 20:31:11+00:00,,,autodoc,5
"Had problem with fuel sensor part received broken.
Gave me full refund great customer service .",stars-5.svg,2025-04-10 14:33:53+00:00,,,autodoc,5
"I received  the shipment in very good condition, wrapped with protection, arrived  on time, you have my full trust, i honestly recommend to use Autodoc to order spare parts its trustable site.",stars-5.svg,2025-09-26 12:11:06+00:00,,,autodoc,5
"Good Quality of products, as well as easy to use Internetseite. Quick delivery! I appreciate the Help of Service Bot!",stars-5.svg,2025-07-06 15:26:47+00:00,,,autodoc,5
"Autodoc truly value the customer I had an exceptional experience with Autodoc! Despite encountering a unique situation with my purchase, the team went above and beyond to assist me. A special shout-ou... See more",stars-5.svg,2025-04-14 22:32:10+00:00,,,autodoc,5
"Received the wrong item.
I am coming to update my review. They are following my case closely.",stars-5.svg,2025-09-29 16:47:41+00:00,,,autodoc,5
"It was a quite unexpected experience to have that nice and personal contact in the middle of the festive season.
Gloria got the delivery things done immediately.",stars-5.svg,2025-12-27 17:34:03+00:00,,,autodoc,5
"Great prices, very fast amd secure delivery, everything is perfect",stars-5.svg,2025-09-05 10:29:41+00:00,,,autodoc,5
"Best car parts with very good pricing and customer service, thanks !!!!",stars-5.svg,2025-08-15 11:39:43+00:00,,,autodoc,5
"The item is very good , price is good and material as well good. I will try my best for buying in the future.",stars-5.svg,2025-06-06 13:58:46+00:00,,,autodoc,5
I am totally satisfied by rates and quality and also order updation,stars-5.svg,2026-01-23 13:50:50+00:00,,,autodoc,5
"Simple to order, delivery was fast, and parts were correct...",stars-5.svg,2025-12-01 12:24:50+00:00,,,autodoc,5
"As always, speed of service, easy ordering, great products.👍",stars-5.svg,2025-03-20 16:23:51+00:00,,,autodoc,5
The quality of the parts are very good easy to assemble and they fit perfectly.,stars-5.svg,2025-08-20 19:55:28+00:00,,,autodoc,5
"Perfect products, Perfect company. Everything perfect. Thank you",stars-5.svg,2025-05-25 09:41:27+00:00,,,autodoc,5
The parts and the delivery it's perfect,stars-5.svg,2026-03-06 13:59:05+00:00,,,autodoc,5
"Very good Markt, quick delivery, good quality of goods. Thanks.",stars-5.svg,2025-06-29 17:08:28+00:00,,,autodoc,5
"The quality of auto parts is not the best. What annoys me the most is that the pictures are not the same as the part I get. On the last order of a fuel pressure sensor, your thread was 1.5mm longer a... See more",stars-3.svg,2025-07-12 13:48:42+00:00,,,autodoc,3
Delivery was really fast in 2 days. And the variety of parts are also good.,stars-5.svg,2025-09-28 17:33:06+00:00,,,autodoc,5
Items bought were original.delivery is fast.,stars-5.svg,2025-05-29 16:11:20+00:00,,,autodoc,5
"Purchased 4 Bridgestone tyres which said they were in stock, chased after 3 days of them still being sat in order being transferred between warehouses, they told me that there was a delay and on the... See more",stars-3.svg,2026-01-16 16:36:17+00:00,,,autodoc,3
Very good Platform to order what u need for your car👍🏻.,stars-5.svg,2025-03-22 13:19:20+00:00,,,autodoc,5
"Good service, fast delivery of quality parts.",stars-5.svg,2025-03-24 12:26:38+00:00,,,autodoc,5
"The speed of delivery is really good
Buying is easy
But 
Its better to have all parts of vehicle",stars-4.svg,2025-12-05 15:07:48+00:00,,,autodoc,4
"fast, cheap perfect delivery and items",stars-5.svg,2025-04-05 11:17:49+00:00,,,autodoc,5
Very quick and professional service thank you.,stars-5.svg,2025-12-06 14:41:40+00:00,,,autodoc,5
It came very fast and all items were in good condition,stars-5.svg,2025-06-26 15:41:15+00:00,,,autodoc,5
Fast delivery and very good packaged,stars-5.svg,2025-03-31 13:06:30+00:00,,,autodoc,5
"So far, I was ok with the services provided. I oredered brakes, oils, filters, windshield wipers and tires. Sometimes, especially with oils, the delivery was not very sustainbable and comfortab... See more",stars-3.svg,2025-11-20 09:40:35+00:00,,,autodoc,3
This is a very good product. I like this and very fast service.,stars-5.svg,2026-03-17 21:32:24+00:00,DE,"Hello!⭐ We want to thank you for your time and positive feedback! Best regards, AUTODOC Team🚙",autodoc,5
"I really like that they have every part available, very well packaged and awesome tracking service! Could have a faster delivery time but that's just something I can work with.",stars-5.svg,2026-03-17 18:42:13+00:00,DE,"Hello!😊 We are very pleased to receive positive feedback from our customers! Good luck on any road. Best regards, AUTODOC Team🛠️",autodoc,5
Super no words,stars-5.svg,2026-03-16 22:08:14+00:00,DE,"Hello Slave Andonov!😊 We are very pleased to receive positive feedback from our customers! Good luck on any road. Best regards, AUTODOC Team🛠️",autodoc,5
I had always gotten what I ordered for so far.,stars-5.svg,2026-03-14 13:42:11+00:00,DE,"Hello! Thank you for taking the time to leave a review of our company⭐. We are looking forward to seeing you in our online store. Best regards, AUTODOC Team",autodoc,5
Reply from AUTODOC - Deutschland,stars-5.svg,2026-03-14 08:06:54+00:00,DE,"Hello Mykola !😊 We are very pleased to receive positive feedback from our customers! Good luck on any road. Best regards, AUTODOC Team🛠️",autodoc,5
Reply from AUTODOC - Deutschland,stars-5.svg,2026-03-07 20:39:08+00:00,DE,"Hello J P! Thank you very much for your feedback and wonderful rating. We will continue to work only for 5 stars! Best regards, AUTODOC Team🧡",autodoc,5
Reply from AUTODOC - Deutschland,stars-5.svg,2026-03-07 15:04:28+00:00,DE,"Hello Reza 😊! Thank you for your positive feedback! Best regards, AUTODOC Team",autodoc,5
"Autodoc is great option to buy parts online, if you subscribe to the autodoc plus package you will be able to apply your VIN for every part so a expert could match the part that is supposed to be for your vehicle.",stars-5.svg,2026-03-07 11:56:12+00:00,MK,"Hello!🌟 Thank you for your feedback. Have a nice day! Best regards, AUTODOC Team🚙💨",autodoc,5
Reply from AUTODOC - Deutschland,stars-4.svg,2026-03-07 07:37:30+00:00,DE,"Hello Dardan Nuka!⭐ We want to thank you for your time and positive feedback! Best regards, AUTODOC Team🚙",autodoc,4
Reply from AUTODOC - Deutschland,stars-5.svg,2026-03-06 13:59:05+00:00,AL,"Hello Faruku ALFRED! Thank you for your kind words and appreciation of the quality of our work😊. Your feedback - is the best reward for us. We are looking forward to seeing you in our online store. Best regards, AUTODOC Team🚗💨",autodoc,5
Reply from AUTODOC - Deutschland,stars-5.svg,2026-03-05 21:07:55+00:00,DE,"Hello Szilard Ambrus! We are very pleased to read sincere reviews. We always do our best to process and ship your order as quickly as possible. But we have room to grow. Please, feel free to contact us again. Best regards, AUTODOC Team",autodoc,5
"I am new to this web but I like it, been nearly a year using it and am very happy the way it hightlights things you need to finish shopping in quick way.",stars-5.svg,2026-03-03 13:23:39+00:00,DE,"Hello Arsen!🌟 Thank you for your feedback. Have a nice day! Best regards, AUTODOC Team🚙💨",autodoc,5
Perfect perfect,stars-5.svg,2026-02-28 23:35:49+00:00,RO,"Hello Burca Marian!⭐ We want to thank you for your time and positive feedback! Best regards, AUTODOC Team🚙",autodoc,5
"Forferdelig dårligForferdelig dårlig. Først sender de meg feil del med fabrikasjonsfeil, så må jeg vente 2 måneder på riktig del som enda ikke er sendt ut fra dem. Anbefaler overhodet ikke andre å handle hos AUTODOC.MEGET DÅRLIG SERVICE!!!Terribly bad. First they send me the wrong part with a manufacturing defect, then I have to wait 2 months for the right part which has not yet been sent out from them. I do not recommend anyone to shop at AUTODOC at all.VERY BAD SERVICE!!!____________________________________________________________Fikk beskjed i fra verksted i dag at den nye delen dere har sendt nå igjen var også feil del. De har brukt 9 arbeidstimer for å forsøke å tilpasse denne men det lot seg ikke å gjøre.1/ Dere har mottatt original dele nummer.2/ Dere har mottatt registrerings nummer på bilen.3/ Dere har mottatt chassis nummer på bilen.4/ Dere har mottatt tilsendte bilder av gammel del.Dere klarer for gang nummer to å sende meg feil del.Dere er totalt udugelig på AutodocDere må betale meg erstatning for timene som er blitt brukt på verkstedet.Got a message from the workshop today that the new part you sent was also the wrong part. They spent 9 working hours trying to adapt it but it was not possible.1/ You have received the original part number.2/ You have received the registration number of the car.3/ You have received the chassis number of the car.4/ You have received pictures of the old part.You have managed to send me the wrong part for the second time.You are completely incompetent at AutodocYou must pay me compensation for the hours that have been spent at the workshop",stars-1.svg,2026-02-22 13:47:39+00:00,NO,"Hello, Thank you for your comment. Indeed, the part you received has a manufacturing defect. A courier will pick it up shortly. We have also sent you the manufacturers' listings of parts that will fit your vehicle. Please take some time to look through the proposal. We recommend waiting until you receive the required spare parts before booking an appointment with a mechanic: https://www.autodoc.co.no/services/frakt Best regards, AUTODOC Team",autodoc,1
Serh Gut Service,stars-5.svg,2026-02-13 15:57:57+00:00,ZA,"Hello!😊 We are very pleased to receive positive feedback from our customers! Good luck on any road. Best regards, AUTODOC Team🛠️",autodoc,5
"They really slow, to process the order and still no sign that the package was send off after 2 day. Further their Prices are sometimes just overblown. I think this is a fraud company",stars-1.svg,2026-02-12 20:30:52+00:00,DE,"Hello! Recently we tried to reach order owner by phone and email but didn't get any response. Please contact us at trust@autodoc.de if you have any questions. We are at your disposal! Best regards, AUTODOC team",autodoc,1
"Man kann viele Produkte und Angebote hier finden, teilweise aber teurer. Versand dauert ein bisschen länger als der Konkurrenz.",stars-4.svg,2026-02-09 08:19:54+00:00,DE,"Hi Oktay, We're touched by this review and grateful for your trust⭐. This confirms that we're on the right path💫. We look forward to your return! Best, AUTODOC Team",autodoc,4
Reply from AUTODOC - Deutschland,stars-5.svg,2026-02-06 12:11:05+00:00,DE,"Hello Dawinder !🌟 Thank you for your feedback. Have a nice day! Best regards, AUTODOC Team🚙💨",autodoc,5
Very difficult.. a lot of bureaucracy.. the part arrives after a week I do not recommend,stars-1.svg,2026-02-03 12:18:03+00:00,DE,"Hello Vîrlan Ioan! Thanks for you review. Please be informed that you placed order on 26.01 and it was dispatched from the warehouse on 28.01. and delivered on 30.01. The order processing time is 1-2 working days and then it is sent. The delivery time is 2-3 working days. All terms are met. What do you mean about bureaucracy? Please specify details. You can always contact us at trust@autodoc.de if you have any questions. Best regards, AUTODOC Team",autodoc,1
Reply from AUTODOC - Deutschland,stars-5.svg,2026-02-01 11:24:12+00:00,DE,"Hi Muhammad ! 🙌Thank you so much for your wonderful rating! We truly appreciate your support and are thrilled to have met your expectations. Best regards, AUTODOC Team🚗",autodoc,5
"I entered my vehicle data correctly. According to AUTODOC, the part should have fitted my car, but in reality it did not.The issue was only discovered during engine disassembly. The item is new, unused, and still in its original packaging.Despite this, AUTODOC refused to accept a return because the return period had expired. No goodwill solution was offered, even though the mistake was not mine.Instead of taking responsibility, AUTODOC shifted the issue to a third-party seller.Result: I am left with a loss of €253.50.Very disappointing customer service. If something goes wrong, the customer is left alone. Update:Trotz der öffentlichen Antwort von AUTODOC, dass sich ein Quality-Control-Manager bei mir melden würde, habe ich bis heute keinerlei Rückmeldung erhalten.Seitdem sind mehrere Tage vergangen, ohne Kontaktaufnahme oder Lösungsvorschlag.Die Bewertung bleibt daher aufrecht.",stars-1.svg,2026-02-04 22:48:14+00:00,AT,"Hello Nazif, We are sorry to hear about such situation. We strongly suggest you always check OEN references in the description of the product. OEN verification gives you an almost 100% guarantee that you are ordering the exact part you need. Our quality control manager will check the case and contact you. Please check your email box and spam box. You were informed that you can send back parts to our warehouse as an exception.  And return label was sent to your email address on 03.02.2026 Best regards, AUTODOC Team",autodoc,1
"I am very pleased with prices and parts in general, 95% parts that I have ordered fit perfect.Also return , and replacement parts are very good.I would recomend definetly.",stars-5.svg,2026-01-31 12:35:11+00:00,DE,"Hello Alen! Thank you for your kind words and appreciation of the quality of our work🧡. Your feedback - is the best reward for us. We are looking forward to seeing you in our online store. Best regards, AUTODOC Team🔧🧰",autodoc,5
Fantastic service and very quick delivery 👍,stars-5.svg,2026-01-27 09:14:59+00:00,DE,"Hello Karl Kiernan!😊 Thank you for your kind feedback! We’re happy to hear that you appreciated the parts and the fast delivery. Your satisfaction means a lot to us, and we look forward to assisting you again in the future. Best regards, AUTODOC Team🚗",autodoc,5
"I ordered a SACHS flywheel (2294 501 267) from Autodoc, paying a premium SACHS price.What I received was a broken, recycled LUK flywheel, inside a SACHS box, tied together with zip ties and taped shut. The flywheel had huge play throughout, making it completely unsafe for installation.SACHS/ZF confirmed that this flywheel is not even produced by SACHS, but sourced from LUK for rare VWAG models. Yet Autodoc never disclosed this anywhere, selling it as SACHS at a premium price.The price difference is shocking: in Bulgaria it can be €350–€450, while on other European sites it is only about €150, yet the product inside is identical to a much cheaper LUK part. Autodoc profits massively by misleading customers.This is misleading, unsafe, and completely unacceptable. I returned the part the same day, but Autodoc failed to resolve the issue, leaving my car unusable for 2 months and causing 4 months of delays, frustration, and extra costs.Autodoc must stop misleading customers and clearly disclose when parts are sourced from third parties, especially when they are broken or unsafe.",stars-1.svg,2026-01-23 19:44:44+00:00,BG,"Hello Kristian Karakashev! We sincerely apologize for the experience you’ve had with the flywheel. We understand your frustration regarding the incorrect part, safety concerns, and the inconvenience caused by the delays. Please be informed that our Quality Control Manager will be contacting you shortly to update with your case in detail and assist you further to resolve this matter. Your feedback will also be used to improve our product verification and disclosure processes. Best regards, AUTODOC Team",autodoc,1
I am totally satisfied by rates and quality and also order updation,stars-5.svg,2026-01-23 13:50:50+00:00,DE,"Hello Attique Shahid Ghumman! Thank you for your kind feedback and for taking the time to share your experience with us. ✨We’re delighted to hear that you enjoyed working with us and that you’re satisfied with our service. Wishing you safe and happy travels on the road! Best regards, AUTODOC Team🔧",autodoc,5
"You can buy every thinking in one place, app is great. All parts in good price . Paying with klarna and paypal with monthly delay is great idea .",stars-5.svg,2026-01-23 11:47:27+00:00,DE,"Hello Dariusz ! Thank you for your kind words and appreciation of the quality of our work😊. Your feedback - is the best reward for us. We are looking forward to seeing you in our online store. Best regards, AUTODOC Team🚗💨",autodoc,5
they always send other products not what I ordered! not recommended app1/5 ⭐️,stars-1.svg,2026-01-18 01:41:07+00:00,DE,"Hello Ano, We are sorry to hear that you are not satisfied and have faced inconveniences. But we can’t see any claims from you. We sent you instructions on how to open a return request. We would like to hear from you more details. Please write to us at help@autodoc.de and specify what parts are wrong. We have easy return policy and we would like to help you. Best regards AUTODOC Team",autodoc,1
"Purchased 4 Bridgestone tyres which said they were in stock, chased after 3 days of them still being sat in order being transferred between warehouses, they told me that there was a delay and on the 4th day completely cancelled the order without and reason. They are still selling the same products are being in stock but for £40 more per tyre, this sounds sus. Think they’ve cancelled the order because they want to get more money for it, it’s been at the price I have paid for them for at least 4 weeks as I have been tracking them. Shame really, happy to take your money under false pretences then cancel without any reason, wasted a week in waiting and now having to sort again. I wouldn’t be using Autodoc again.Update - had a chat with a chap called Andrew from Audodoc and they have explained the situation. Would help if it’s made clear on the site beforehand, but it is what it is now.  Appreciate you explaining things properly. Thanks",stars-3.svg,2026-01-16 16:36:17+00:00,GB,"Hello Suki Nandhra! Thank you for taking the time for your review. We’re sorry for the inconvenience caused by the stock transfer and the cancellation of your order. Availability and pricing can change if the original supplier runs out of stock and an alternative supplier is found at a different price. We appreciate your understanding after the explanation from our agent and will take your feedback on clearer website communication into account. Thank you for your patience and for giving us the opportunity to clarify the situation. Best regards, AUTODOC Team",autodoc,3
"Nešto duže smo čekali na pošiljku, ali  na kraju sve je utredno dostavljeno i u potpunosti!Moje preporuke svima.",stars-5.svg,2026-01-12 14:56:32+00:00,DE,"Hello!😊 We are very pleased to receive positive feedback from our customers! Good luck on any road. Best regards, AUTODOC Team🛠️",autodoc,5
"Very disappointing and misleading experience with AutodocMy experience with Autodoc has been extremely frustrating and disappointing.I ordered spare parts after Autodoc’s website explicitly confirmed compatibility with my vehicle. My VIN number is already saved in my personal account, and based on this information, the website assured that the parts were suitable. However, when the parts arrived, they turned out to be completely incompatible.As a result, I had to return the items and paid shipping costs twice (to and from Geneva), totaling approximately CHF 85. Autodoc refunded only the price of the parts and refused to reimburse the shipping costs, even though the mistake was entirely theirs.Instead of taking responsibility, they attempted to blame the customer by claiming that selecting parts by make and model is “not accurate.” This raises a serious question: why does their website confirm compatibility if it is unreliable?This was not my first bad experience with Autodoc. Previously, I was offered a compensation voucher for a similar mistake, which later turned out to be invalid and unusable. Now they repeat the same approach by offering a small discount coupon instead of refunding the actual costs caused by their error.In summary:Incorrect and incompatible partsCustomer forced to pay for the company’s mistakesUnreliable vouchersAvoidance instead of real solutionsA very poor customer experience. I will not use Autodoc again and cannot recommend them.",stars-1.svg,2026-01-02 18:51:13+00:00,CH,"Hello Sabah Jassem! We sincerely apologize for the inconvenience and frustration you’ve experienced. Please be aware that the parts displayed on our website whether selected through the vehicle selector or by entering your registration number are intended as general recommendations. Because vehicles often have unique specifications beyond just the model and body type, the most accurate way to confirm compatibility is by using the Vehicle Identification Number (VIN) or the Original Equipment Number (OEN). Even if your VIN is stored in your account, our system does not automatically verify compatibility against it. This important step must be carried out by our trained specialists to ensure the correct fit. Our customer support team is always available to help with a full compatibility check, as product listings only provide technical details and cannot guarantee suitability for every vehicle. Please rest assured that our Quality Control Manager will be reaching out to you shortly to personally review your case and provide further assistance, ensuring the matter is handled properly. Best regards, AUTODOC Team",autodoc,1
Reply from AUTODOC - Deutschland,stars-5.svg,2025-12-29 23:48:58+00:00,US,"Hello Zsolt Klezli🕊️! Thank you for your positive feedback! Best regards, AUTODOC Team🔧✨",autodoc,5
Bonne products and rapid,stars-5.svg,2025-12-28 11:52:21+00:00,FR,"Hello Kumar Mandeep! We are very pleased to read sincere reviews. We always do our best to process and ship your order as quickly as possible. But we have room to grow. Please, feel free to contact us again. Best regards, AUTODOC Team",autodoc,5
I found the Autodoc from instagram and ı tried 2 times. All of is good,stars-5.svg,2025-12-25 10:50:00+00:00,DE,"Hello Kaya Ahmet!😊 Thank you very much for the kind words. Please, feel free to contact us if you have any questions. Our specialists are always ready to provide professional advice. Best regards, AUTODOC Team🚗",autodoc,5
"I ordered a steering rack for my 2009 Audi A4 B8 2.0l TDI (143hp) 2 weeks ago. The delivery was fast, it arrived in only a few days, which i liked. Yet it turns out a part was missing in the delivery: The metal plug. Instead, it was delivered with a plastic one to keep the dust from entering. According to my local mechanic, without the right plug / lock, the plastic one wouldn't keep up with the oil pressure and it would just explode.I have tried to contact AUTODOC in multiple ways.-The AI assistant on their app told me I'd get an e-mail in 24-48 hours, 4 days later I haven't received anything.-I have called their numbers in hope of reaching an actual human instead of an AI, but guess what. Dan the virtual assistant picked up and he was no help at all. I could repeat a sentence 3 times and he wouldn't understand a thing I said, so after some time he gave up and said ""We're happy we could solve your problem!"" Next I wanted to see if it's possible to atleast return the steering rack, but no, ""Unfortunately, this product is not eligible for a refund.""I spent a total of 480 bucks on this thing, and for someone at the age of 19, I simply cannot afford this waste of money.And even if this so called ""plug"" isn't actually included in the product, then at least help me find the missing piece I need.I might not be experienced in cars and I could also be wrong about what I said in the beginning, it might just be called something else or it might just be an entirely other piece that I'm talking about. My main point is that there is literally no way for me to reach out to AUTODOC because of their awfully designed AI assistant.",stars-1.svg,2025-12-22 15:54:47+00:00,LU,"Hello ! We’re very sorry to read about your experience and understand how frustrating this situation must be, especially given the importance and cost of the part. Regarding your case, we would like to clarify that we have attempted to contact you, however the phone number and email address provided with the order appear to be invalid, which prevents our team from reaching you directly. To properly investigate the missing metal plug, check the product specifications, and offer you the correct solution (replacement part, clarification, or return options), we kindly ask you to contact us directly by email at trust@autodoc.de. Please include clear photos of the received steering rack, and the area where the plug should be installed. Once we receive your email, our support team will review the case manually and assist you as quickly as possible. We truly regret the inconvenience and appreciate your patience. Best regards, AUTODOC Team",autodoc,1
"Edit:After my review, one member reached out and assured me to fix the issue asap. Today Dec 23, I got confirmation that refund has been processed. I wish it was not that big of a mess to start with, but really appriciate the support of Mr. An. Thank you!Biggest Scammers - Stole my FundsMy return was received 5 weeks ago and I ordered replacment product and paid for both. Now its been 6 weeks I am asking for refund and they are making excuses about we did not get confirmaiton from supplier. Its not my problem if their supplier is stupid.",stars-4.svg,2025-12-23 17:29:18+00:00,DE,"Hello HALI! Thank you for sharing the outcome. We’re glad to hear that the refund has now been processed and our support was able to bring the case to a resolution. We truly regret the inconvenience and the time it took to sort this out, as this is not the experience we want for our customers. Your feedback is appreciated and will help us improve our processes going forward. Best regards, AUTODOC Team",autodoc,4
Have been waiting 2 weeks for an item and haven't received it. Autodoc have done nothing to help except say please be patient. Infuriating!,stars-1.svg,2025-12-19 10:01:08+00:00,GB,"Hi Nick! Order processing usually takes 1-2 business days, and delivery to the UK — 3-4 business days. Sometimes delays occur due to overloaded couriers or international logistics, but we do everything possible to speed up the process. We're glad to let you know that your issue has been resolved. If you have a minute, we would love to hear your feedback on your order - your input helps us improve for you! All the best, AUTODOC team",autodoc,1
"Not a good experience with autodoc.Had to buy2 wishbones and 2 bushings for my Dodge. I put in the VIN number. The Aui (Arrtificial UnIntelligence) robot kept bringing up the totally wrong product for the wishbone (despite I put in the right spare part number ... checked with other websites who got it right). Then I had a hard time finding the right bushings, again it came up with bushings that did not fit my car. Finally I found some and paid. The following day I got an email with an extra charge for the shipping, as the robot could not even calculate the right shipping cost. Never again. Their website and search function and customer service is truly pathetic",stars-2.svg,2025-12-18 13:56:03+00:00,DK,"Hello Carsten Møller! We’re very sorry to hear about your frustrating experience. We understand how difficult it must have been to find the correct wishbones and bushings for your Dodge, and the issues with the website, search function, and unexpected shipping charges are certainly not the service we aim to provide. Please be assured that our Quality Control Manager will be contacting you shortly to review your case in detail and assist you further, ensuring that your concerns are addressed and any issues are resolved properly. Best regards, AUTODOC Team",autodoc,2
Very easy to buy online as website is very organized and gives you a lot of options.,stars-5.svg,2025-12-18 11:24:15+00:00,BG,"Hello Joseph Fenech! We are very pleased to read sincere reviews. Thank you for choosing our company. We are glad that you were satisfied with everything. Best regards, AUTODOC Team",autodoc,5
"When a car battery dies you need a replacement quickly, and thats what I thought I would get,.....but not with these people. I ordered a new battery on Thursday 11th Dec, in good time for a Christmas getaway. In formation suggested delivery on Monday 15th, but of course no delivery. Now I have no inforamtion about when it will arrive only that it has been collected by the carrier. We are due to leave Sunday, but I have little faith. I shall NEVER use Autodoc again, and I will also make a point of telling all my motoring friends about this dreadful service.....or lack of service!",stars-1.svg,2025-12-17 11:59:10+00:00,FR,"Hello John! We are sorry for such situation. Our quality control manager contacted you concerning this issue and we hope that solution was found. Best regards, AUTODOC Team",autodoc,1
"I received a faulty air pump which I had a replacement for , when the replacement arrived that was also faulty so I contacted autodoc and one of their agents said I could get a refund if second one is faulty and specifically that there is no need to return the item.  Fast forward  , then they have said I cannot get a refund until I return both items and have to spend my own money on printing the customs form and label pages   to get the refund of £1.85. I have spent over £100 with AUTODOC and even placed another order a few days before this all occurred . The agents are unhelpful and rude. I would never order from here again after this occasion , still have not even received a refund or even a decent replacement air pump which has left me without .. I do not care for the £1.85 refund but the service has disgusted me and how unhelpful they are to returning customers . Please stay clear .",stars-1.svg,2025-12-10 20:44:43+00:00,GB,"Hello MK! Thank you for sharing your experience, and we’re truly sorry for the inconvenience caused. Receiving two faulty items and then facing conflicting information about the return process is unacceptable, and we fully understand your frustration. This is not the level of service we aim to provide, especially to a loyal customer. Please contact us at trust@autodoc.de so we can review your case in detail, arrange the correct solution, and ensure your refund or replacement is handled properly without any additional hassle. We’re here to help and want to make this right for you. Best regards, AUTODOC Team",autodoc,1
"2 out of t: I ordered a set of headlights for my Polo in May after someone smashed them backing into me. I had them fitted with my annual service in October (I am self-employed and didn’t wanna lose an extra day of work and income). Upon fitting the garage realises one of the lights is broken so I issue a warranty claim. They send me a replacement part very quickly- so far, so good.However, the part I was sent is for brakes. So, I send it back using their return label. It arrives on the 24th of Nov (I have proof of tracking). And I wait. But no light. All I get is emails that details are missing. At first it’s my address. Then they say the returned parts haven’t been received. Last week their customer service assures me the case will be escalated and prioritised. Today they email me that they are closing it. More assurances that the warranty department will take care of it. Nobody can tell me what details are missing. There is no contact for the warranty department or an email address to contact them. I’m at a point where I just want a refund for the headlight I paid for.Summary: If nothing goes wrong they are a decent provider of parts. As soon as something goes wrong, it’s shambles and unnerving and either ineptitude or stalling tactics. At the moment, would absolutely not recommend.Update 19/12/2025: Going up from 2 Stars to 3.5After posting my initial review they contacted me and settled he issue swiftly. All resolved but it's still not impressive that it needs a Trustpilot review to get proper help. Will use them again but cautiously. They have to win back full trust. Once that's achieved I'll happily review again.",stars-3.svg,2025-12-19 10:53:18+00:00,GB,"Hello Corny Alba Sibirica! We are sorry that you have faced inconveniences and we are sorry for the mixed up with your warranty replacement. Our quality control manager will  check your case and contact you in the nearest time to resolve the issue. If you have any questions, please contact us at help@autodoc.de Best regards, AUTODOC Team",autodoc,3
aless ok ok ok,stars-5.svg,2025-12-08 16:48:09+00:00,DE,"Hello!🌟 Thank you for your feedback. Have a nice day! Best regards, AUTODOC Team🚙💨",autodoc,5
Very quick and professional service thank you.,stars-5.svg,2025-12-06 14:41:40+00:00,GB,"Hello Loel 🕊️! Thank you for your positive feedback! Best regards, AUTODOC Team🔧✨",autodoc,5
The speed of delivery is really goodBuying is easyBut Its better to have all parts of vehicle,stars-4.svg,2025-12-05 15:07:48+00:00,DE,"Hello Sabzehparvar Amirhossein! Thank you for your feedback! We’re glad to hear you’re satisfied with the delivery speed and the smooth purchasing process. We continuously work on expanding our catalogue to offer even more parts for every vehicle. Your suggestion is greatly appreciated and helps us improve further. If you ever need assistance, we’re here to help! Best regards, AUTODOC Team",autodoc,4
Reply from AUTODOC - Deutschland,stars-5.svg,2025-12-05 13:41:00+00:00,AL,"Hello Horanlliu Milirjan! Thank you for your feedback. We are very happy to know that we were able to surprise and please you✨! Best regards, AUTODOC Team🚗",autodoc,5
Very good and very good,stars-5.svg,2025-12-04 12:42:51+00:00,DE,"Hello Agha Ahmad! 🙌 Thank you so much for your wonderful rating! We truly appreciate your support and are thrilled to have met your expectations. Best regards, AUTODOC Team🚗",autodoc,5
"Perfect, top",stars-5.svg,2025-12-03 10:00:00+00:00,RS,"Hello Aleksandar Vulović!⭐ We want to thank you for your time and positive feedback! Best regards, AUTODOC Team🚙",autodoc,5
"Simple to order, delivery was fast, and parts were correct...",stars-5.svg,2025-12-01 12:24:50+00:00,DE,"Hello Tosic Boris! Thank you very much for your kind words🌟. We will continue to delight you with high-quality service. Best regards, AUTODOC Team🚗💨",autodoc,5
"I have loved Autodoc for years and after six or more orders, including the left driveshaft, i now get a popup saying they don't deliver to me (any more, they have up to now). What's really annoying is they keep sending me emails not to forget my basket and please come back... but they no longer deliver to me. I don't want coupons and apologies, i want them to send me the right hand driveshaft as they would have done routinely two months ago.",stars-1.svg,2025-11-29 23:30:36+00:00,ES,"Hello Greg French! Thank you for sharing your experience, and we’re truly sorry for the frustration this situation has caused. We understand how disappointing it is to suddenly receive a notification that delivery is no longer available to your address, especially after many successful orders in the past. The automated reminder emails certainly don’t help, and we apologise for the confusion. Our Quality Control Manager will be contacting you shortly to review your case and assist you further. Thank you for your patience, and we hope to resolve this for you as quickly as possible. Best regards, AUTODOC Team",autodoc,1
"Exelent,all stuff was good",stars-5.svg,2025-11-29 14:02:33+00:00,DE,"Hello Aleksic Jovan! 🙌 Thank you so much for your wonderful rating! We truly appreciate your support and are thrilled to have met your expectations. Best regards, AUTODOC Team🚗",autodoc,5
"ordered a headlight still waiting 20+ days later ,they have given some BS the courier because its an unusual size,its not a frigging tank its a headlight in a box!!!they have said it could take several weeks now ,waht a shower of SH...T wont be buying off them again!!!!! it should b no stars not 1",stars-1.svg,2025-11-26 10:18:48+00:00,GB,"Hello George Dzus! Thank you for your review and we regret your disappointment due to the delivery delay. We understand how important is to receive your parts on time, and your feedback helps us improve. Our quality control manager will check your case and contact you shortly to resolve the issue. If you would like to share additional information with us or have any questions, write to trust@autodoc.co.uk. Best regards, AUTODOC Team",autodoc,1
Alles TIP TOP 😁👍,stars-5.svg,2025-11-25 17:16:36+00:00,DE,"Hello Jacek! Thank you very much for your time and appreciation🏆. Best regards, AUTODOC Team🚗💨",autodoc,5
Reply from AUTODOC - Deutschland,stars-1.svg,2025-11-21 15:28:04+00:00,DE,"Hello Pizza Kebap King! We’re sorry to hear about the damaged tire. Our Quality Control Manager will be contacting you shortly to review your case and assist you further. Best regards, AUTODOC Team",autodoc,1
Reply from AUTODOC - Deutschland,stars-4.svg,2025-11-20 13:27:19+00:00,DE,"Hello Serdiuchenko Amir! We are very pleased to read sincere reviews. Thank you for choosing our company. We are glad that you were satisfied with everything. Best regards, AUTODOC Team",autodoc,4
Super gepasst,stars-5.svg,2025-11-19 11:58:14+00:00,DE,"Hello FAYROUZ! Thank you so much for your wonderful rating! We truly appreciate your support and are thrilled to have met your expectations. Best regards, AUTODOC Team",autodoc,5
"I’m satisfied with everything products, time and service, but one thing i don’t like was the shipping cost specially if you only need small parts :(",stars-5.svg,2025-11-17 13:45:46+00:00,DE,"Dear John, Thank you very much for the kind words. We insure every parcel. This increases the cost of delivery, but it also allows us to provide a higher quality of services, which is very important to us. We hope you will appreciate our service. Best Regards, AUTODOC Team",autodoc,5
Reply from AUTODOC - Deutschland,stars-5.svg,2025-11-15 10:43:40+00:00,DE,"Hello Bartók László! Thank you for your feedback. We are very happy to know that we were able to surprise and please you! Best regards, AUTODOC Team",autodoc,5
"Poor delivery!The products were not delivered or were left at the closest location, which is approximately 45 45-minute walk from the given address. In that case, to buy the product, I will choose to go to the nearest shop, since my address is in the centre.The claim that no one was at home or unable to reach me is not valid because I was at home at the specific time mentioned.Update, the SUPPORT were fantastic, thanks",stars-5.svg,2025-11-24 17:39:59+00:00,MK,"Hi Zoran! We have thoroughly investigated the issue you raised and are pleased to confirm that it has been fully resolved. If you have a moment, please let us know how we did. Your comments are very valuable to us! Sincerely, AUTODOC team",autodoc,5
Very satisfied,stars-5.svg,2025-11-15 10:20:08+00:00,DE,"Hello Markus! Thank you for your feedback. We are very happy to know that we were able to surprise and please you! Best regards, AUTODOC Team",autodoc,5
"my whole reviews genuineI’m extremely disappointed with AUTODOC’s handling of my issue. My order was never received, but after weeks of “investigation,” they simply said it was delivered — without providing any real proof. GLS never contacted me, and no signature or photo exists to confirm delivery.I’ve sent every possible document, yet AUTODOC keeps closing the case instead of helping their customer. This is not fair or professional — I paid for something I never got.Be careful — if your package is lost, AUTODOC will leave you without help or refund.",stars-1.svg,2025-11-13 10:09:07+00:00,US,"Hi Gagik! We noticed that order number belongs to another person. Only genuine experience can be share on Trustpilot. Please contact us at trust@autodoc.de and specify your order number. Best regards, AUTODOC team",autodoc,1
Reply from AUTODOC - Deutschland,stars-5.svg,2025-11-12 16:18:43+00:00,DE,"Hello! Thank you very much for your kind words. We will continue to delight you with high-quality service. Best regards, AUTODOC Team",autodoc,5
"Very satisfied with the options of parts, cheap to expensive parts.",stars-5.svg,2025-11-12 13:38:03+00:00,DE,"Hello Emil Garcia! Thank you very much for your feedback and wonderful rating. We will continue to work only for 5 stars! Best regards, AUTODOC Team",autodoc,5
"Non existant costummer service.  Part arrived, it was a back light. I tried it on the car and it looked different from the original part, the dimentions were slightly off and it was extremely cheaply built. Took it out immediately and went to the website to fill out a from to return it. The website said it was already too late to return which is rediculos because I had only gotten the part 3 hours earlier at that point. Managed to fill out a return formular somehow through a hidden link on the website, one week later I get an e-mail from a ""noreply"" adress with a link that I need to submit further information, and when I opened it it brought me to a field where I could either chat with an AI assistant or go to the help center, which is again just gerneral information. When I open my orders and try to see if I can do something about the return from there, it still says that the retrun deadline has expired. Never buying from them again.",stars-1.svg,2025-11-10 12:53:15+00:00,AT,"Hello Juljan, Your feedback has left us very concerned. We apologize for the inconvenience caused. Your case has been referred to the quality control department and will be considered as soon as possible. If you have any question, feel free to contact us on trust@autodoc.eu. Best regards, Your AUTODOC Team.",autodoc,1
I'm a regular customer and over years we have solved warranty claims through online chat without problems.,stars-5.svg,2025-11-10 08:03:53+00:00,SI,"Hello! We want to thank you for your time and positive feedback! Best regards, AUTODOC Team",autodoc,5
Perfect your service thanks,stars-5.svg,2025-11-08 17:31:36+00:00,DE,"Hello Jani Alfred! Thank you for your feedback. Have a nice day! Best regards, AUTODOC Team",autodoc,5
"I ordered headlights for my BMW in this store, they delivered them to me for two months, why do I need them two months later? As soon as I received them, I immediately issued a return and sent them, and these people promised me money after 3 days, then another 5 days, then another 3 days, I still haven't received a refund, I don't recommend making orders in this store, terrible service",stars-1.svg,2025-11-07 16:01:39+00:00,DE,"Hi Marco! Please contact us at trust@autodoc.de with your order number. We will check the information and help you. Best regards, AUTODOC team",autodoc,1
Reply from AUTODOC - Deutschland,stars-5.svg,2025-11-05 22:32:52+00:00,CH,"Lieber Memeti! Vielen Dank für Dein Feedback bei unserem Online-Shop. Wir werden uns bei Gloria bedanken. Sie ist eine wirklich gute Spezialistin, die ihren Job sehr liebt. Einen schönen Tag wünschen wir Dir! Mit freundlichen Grüßen AUTODOC Team",autodoc,5
Reply from AUTODOC - Deutschland,stars-5.svg,2025-11-04 23:38:13+00:00,DE,"Hello Zeaiter Issa! Thank you for your feedback. Have a nice day! Best regards, AUTODOC Team",autodoc,5
Thank you so much for everything. You are the best website for me .,stars-5.svg,2025-11-03 21:15:46+00:00,DE,"Hello Blloku Andi! Thank you for your kind words and appreciation of the quality of our work. Your feedback - is the best reward for us. We are looking forward to seeing you in our online store. Best regards, AUTODOC Team",autodoc,5
"So far, I was ok with the services provided. I oredered brakes, oils, filters, windshield wipers and tires. Sometimes, especially with oils, the delivery was not very sustainbable and comfortable, if you order 8 liters of oil and receive 8 bottles. But that's the price you pay - for the low price. ;)But this time, I ordered tires. And they never reached me. When asking for refund - via a chat bot that is okayish for the routines - I found in the status, that they cannot refund anything, because the tires were already shipped. Now, you cannot contact anyone beside the chat bot, that gives you the same answers again and again of course.Now I'm waiting for my money or my tires and simply don't get any feedback. The price you pay for the low prices...UPDATE_November 6th: After publishing my rating here, I was contacted immediately. My money was transfered back. I good process would have been the same, without the need to publish anything, before customer service starts to act. I bought my tires via another platform - they are on my car already.",stars-3.svg,2025-11-20 09:40:35+00:00,DE,"Hello again Erik “Barbara” J! Thank you for taking the time to share your experience with us. We’re glad to hear that your refund was processed and that the situation was ultimately resolved, but we fully understand your frustration with how the process unfolded and we sincerely apologize for the inconvenience and the lack of timely communication. Your feedback about the delivery of oils and the limitations of the chatbot is extremely valuable. We are continuously working on improving packaging sustainability, customer support accessibility, and the overall refund/claim experience especially in cases where parcels do not arrive as expected. We appreciate your previous trust in us and hope that future improvements will show you a smoother and more reliable experience. If you ever need support again, please don’t hesitate to contact us we’re here to help. Best regards, AUTODOC Team",autodoc,3
Reply from AUTODOC - Deutschland,stars-5.svg,2025-11-02 00:37:36+00:00,DE,"Hello! Thank you very much for your feedback and wonderful rating. We will continue to work only for 5 stars! Best regards, AUTODOC Team",autodoc,5
"I'm buying spare parts for my cars from them for 6 years and they are doing a great job. Recently we made a mistake on a purchase, but we repaired that and all is good 👍😊",stars-5.svg,2025-10-31 19:35:44+00:00,DE,"Hi Constantin, We're touched by this review and grateful for your trust. This confirms that we're on the right path. We look forward to your return! Best, AUTODOC Team",autodoc,5
Super 👍War alles Top.,stars-5.svg,2025-10-31 14:15:58+00:00,DE,"Hello Janz Alexander! Thank you for your feedback. We are very happy to know that we were able to surprise and please you! Best regards, AUTODOC Team",autodoc,5
"My experience has always been great with AUTODOC. They have the most user-friendly parts catalogue out there as well as a great customer service in many languages.As a service they do great, but sometimes parts manufactures are not producing the same quality as before, thus AUTODOC take claims very seriously and support with any refund or replacement.",stars-5.svg,2025-10-28 18:16:16+00:00,DE,"Hello Daniel! We are very glad that your cooperation with us has brought positive emotions. Our specialists are always ready to provide professional advice. Please, feel free to contact us again. Best regards, AUTODOC Team",autodoc,5
War alles super ok,stars-5.svg,2025-10-28 14:09:13+00:00,DE,"Hello! Thank you for your positive feedback! Best regards, AUTODOC Team",autodoc,5
Good price and condition of the parts,stars-5.svg,2025-10-21 16:49:43+00:00,DE,"Hello Pernikov Ivailo Pernikov! Thank you very much for your time and appreciation. Best regards, AUTODOC Team",autodoc,5
"I have been buying from them for a year now, what i care the most is aftersale service, and these guys nails it, you can reach out to them and they will offer few solutions to make you happy, their customer service are great, they are helpful.bitty the new AI chatbot i find annoying, but i guess they are trying to keep up with technology.",stars-5.svg,2025-10-21 09:52:33+00:00,NL,"Hi! Thank you so much for your wonderful rating! We truly appreciate your support and are thrilled to have met your expectations. Yes, we also have a virtual assistant, who is still learning. In the meantime, our team of specialists is always happy to help. Please, feel free to contact us again. Best regards, AUTODOC Team",autodoc,5
Very shaddy business. I ordered tyres from autodoc. They called me after 2 days that my order has been cancelled and they haven’t returned my money yet. Also the same tyres product is still available while mine order was canceled because they were out of stock. So this is not only frustration but waste of time. Stay away from this shaddy business for better peace of mind. It might be cheap but is not worth the mental health.,stars-1.svg,2025-10-17 11:39:04+00:00,DE,"Dear Mohsin Latif! We are very sorry that you have not received your order. Please contact us at trust@autodoc.eu with more details about the issue. Our quality control manager will look into the issue and get back to you as soon as possible. We will be happy to sort it out for you. Best regards, Your AUTODOC Team",autodoc,1
"I've been using this service for a long time. I'm mostly satisfied with everything, there's a wide selection.",stars-4.svg,2025-10-13 17:06:06+00:00,DE,"Hello Dmytro S.! Thank you for your kind words and appreciation of the quality of our work. Your feedback - is the best reward for us. We are looking forward to seeing you in our online store. Best regards, AUTODOC Team",autodoc,4
Reply from AUTODOC - Deutschland,stars-5.svg,2025-10-13 13:50:30+00:00,FR,"Hello! Thank you very much for your kind words. We will continue to delight you with high-quality service. Best regards, AUTODOC Team",autodoc,5
Reply from AUTODOC - Deutschland,stars-5.svg,2025-10-12 10:26:59+00:00,GB,"Hello Madalin! Thank you for your sincere review. We never stop working to improve the speed and quality of our service. Best Regards, AUTODOC Team.",autodoc,5
"Door handle for my old sharan was really cheap but did not fit according to their website. Small letter at the top clearly showed that it would not fit. It was hard to see when I ordered but still my mistake. However, I had paid £3.95 for free return in stead of £10 or more to Berlin. Labels all professional with customs declaration which is crucial since I am in the uk. Post office scanned it and sent it off. At customs Germany 30 hours but was still delivered within 5 days. Credit on my PayPal account on a Saturday. Totally impressed and I strongly recommend this company",stars-5.svg,2025-10-12 06:25:03+00:00,GB,"Hello! Thank you for sharing your experience. We're glad you were satisfied with how your case was resolved. We'll continue to work to improve and simplify the purchasing, return, and service processes. Please, feel free to contact us again. We are looking forward to seeing you in our online store. Best regards, AUTODOC Team",autodoc,5
Reply from AUTODOC - Deutschland,stars-1.svg,2025-10-11 15:01:22+00:00,DE,"Hello Kiril, We are sorry for the inconvenience caused. We can't see any claims from you concerning this issue. The quality control manager will check your case and contact you shortly. Please write to help@autodoc.de if you have additional details or questions — we're here to help. According to the tracking information, the package was marked as delivered, but since you indicate that you did not receive it, we are ready to initiate an official investigation with the courier service. For this, in accordance with our procedure, we will need completed documents from you (confirmation of non-receipt). We will send them to your email — please check your inbox and spam folder. Once received, we will forward them to the courier and inform you of the results. Best Regards, AUTODOC Team",autodoc,1
I paid the no hassle return charge and then when I tried to return 2 items from my order they refused claiming it wasn’t covered. That is not stated anywhere on the invoice or shown on the website or app. The return was also started within 14 days of delivery which they are disputing.As described by other users I tried to dispute their refusal to process a return and just get passed between people and have my time wasted.The parts were also incompatible despite using the vehicles type approved code to filter the results.The delivery was also slow and unreliable. They made a short job a real painful experience.Thanks for nothingEdit They did eventually agree to accept return. So happy ending but took longer than fixing the car to get there.,stars-1.svg,2025-10-11 21:12:19+00:00,FR,"Hello Andrew, We are sorry for the inconvenience caused. Please let us know your order number at help@autodoc.de so we can identify you and find your orders in our system. Our quality control manager would like to check your case and get more details. Best Regards, AUTODOC Team",autodoc,1
"All perfect, fast delivery, correct product",stars-5.svg,2025-10-01 10:08:18+00:00,DE,"Hello Jörg! We are very pleased to receive positive feedback from our customers! Good luck on any road. Best regards, AUTODOC Team",autodoc,5
Good!They fix problems quickly!,stars-4.svg,2025-09-30 14:28:12+00:00,DE,"Hello Abdullah, Thank you for your kind words and appreciation of the quality of our work. Your feedback - is the best reward for us. We are looking forward to seeing you in our online store. Best regards, AUTODOC Team",autodoc,4
Good and good,stars-5.svg,2025-09-30 13:36:56+00:00,DE,"Hello! Thank you very much for your time and appreciation. Best regards, AUTODOC Team",autodoc,5
Delivery was really fast in 2 days. And the variety of parts are also good.,stars-5.svg,2025-09-28 17:33:06+00:00,DE,"Hello MORE IVAN! We want to thank you for your time and positive feedback! Best regards, AUTODOC Team",autodoc,5
Top Top Top Top,stars-5.svg,2025-09-26 12:20:50+00:00,DE,"Hi Thomas! Thank you very much for your time and appreciation. Best regards, AUTODOC Team",autodoc,5
"I received  the shipment in very good condition, wrapped with protection, arrived  on time, you have my full trust, i honestly recommend to use Autodoc to order spare parts its trustable site.",stars-5.svg,2025-09-26 12:11:06+00:00,DE,"Hello Zyad! Thank you for your kind feedback and for taking the time to share your experience with us. We’re delighted to hear that you enjoyed working with us and that you’re satisfied with our service. Wishing you safe and happy travels on the road! Best regards, AUTODOC Team",autodoc,5
Good prizes good quality,stars-5.svg,2025-09-26 10:33:25+00:00,DE,"Hello Reci Besjan! Thank you very much for your time and appreciation. Best regards, AUTODOC Team",autodoc,5
Received the wrong item.I am coming to update my review. They are following my case closely.,stars-5.svg,2025-09-29 16:47:41+00:00,IE,"Hello VITOR FREITAS! Thank you for your review! We’re glad to hear our team is following your case closely. Rest assured, we’ll continue to monitor it until everything is resolved to your satisfaction. Best regards, AUTODOC Team",autodoc,5
Quick delivery. Many parts to choose from.,stars-5.svg,2025-09-25 09:56:35+00:00,DE,"Hello Jaroslaw! Thank you for your positive feedback! Best regards, AUTODOC Team",autodoc,5
"Ordering three wipers (2 x Front + Rear) for a Renault Space Tourer. None of those could be attached despite providing correct VIN, Company, Model and other required parameters. Support later admitted these incompatabilities claiming that sometimes the VIN  is misleading. I got a full refund and an advice for re-ordering.",stars-5.svg,2025-09-30 19:48:01+00:00,DE,"Dear Martin, We have thoroughly investigated the issue you raised and are pleased to confirm that it has been successfully resolved. If you have a moment, please let us know how we did. Your comments are very valuable to us! Best regards, AUTODOC team",autodoc,5
Good morning. Everything is fine and satisfactory. I wish you further progress.,stars-5.svg,2025-09-21 13:11:10+00:00,LU,"Hello Samer Abbas Abd Ali! We want to thank you for your time and positive feedback! Best regards, AUTODOC Team",autodoc,5
"i purchased 2 expensive sensors from autodoc. first one they put a cheaper unit in the packaging of the more expensive one hoping I wouldn't notice. second one was marked at as correct fitting part for my car, however it doesn't fit at all.They did however provide me with a refund and the support team was very helpful in resolving the issue.",stars-4.svg,2025-10-02 11:07:42+00:00,BG,"Dear Krum, We’re happy to let you know that the issue has been fully resolved. We truly value your input on how we can further improve your experience, so we’d be grateful if you could share your thoughts. Your feedback helps us grow! Best regards, AUTODOC team",autodoc,4
Alles ok. 👍👍👍👍,stars-5.svg,2025-09-12 12:32:59+00:00,DE,"Hello Markus! Thank you for your positive feedback! Best regards, AUTODOC Team",autodoc,5
Professional team,stars-5.svg,2025-09-11 16:14:25+00:00,DE,"Guten Tag ALMRAFI, wir freuen uns sehr über deine aufrichtige Bewertung. Vielen Dank, dass du dich für uns entschieden hast. Mit freundlichen Grüßen AUTODOC Team",autodoc,5
"Great prices, very fast amd secure delivery, everything is perfect",stars-5.svg,2025-09-05 10:29:41+00:00,HR,"Hello! We are very pleased to receive positive feedback from our customers! Good luck on any road. Best regards, AUTODOC Team",autodoc,5
👌👌 Top/Best...,stars-5.svg,2025-09-04 11:40:10+00:00,DE,"Hello! Thank you very much for your time and appreciation. Best regards, AUTODOC Team",autodoc,5
Reply from AUTODOC - Deutschland,stars-5.svg,2025-09-03 11:49:55+00:00,DE,"Hello! Thank you very much for your time and appreciation. Best regards, AUTODOC Team",autodoc,5
Reply from AUTODOC - Deutschland,stars-5.svg,2025-09-01 12:53:06+00:00,DE,"Hello Christian! Thank you very much for your kind words. We will continue to delight you with high-quality service. Best regards, AUTODOC Team",autodoc,5
"I had, back in Romania, a good experience with Autodoc, mainly because you have supplied me parts that one hardly can find !Since I moved to Germany, I had one teriblle experience, making an order on 3-rd of july and finally receiving most of it today !Even so, I want to express my gratitude to Xena, from help/autodoc department, who made possible the conclusion of my issue. That's why I tapped 5 stars. Thanks again Xena !",stars-5.svg,2025-09-01 10:24:10+00:00,RO,"Hello Serban! We are very glad that your cooperation with us has brought positive emotions. Our specialists are always ready to help you. Please, feel free to contact us again. Best regards, AUTODOC Team",autodoc,5
I can only say good things about autodoc.All problems have a Solution.,stars-5.svg,2025-08-30 10:30:20+00:00,DE,"Hello! Thank you very much for your kind words. We will continue to delight you with high-quality service. Best regards, AUTODOC Team",autodoc,5
"Made a few purchases. It's important to check if the parts fit, best would be to write an email to their support before making a purchase. Also ticking ""safe order"" at the bottom is a good idea (the buyer pays no return costs in need of a return).I had a few issues but they were promptly resolved by their support.",stars-5.svg,2025-08-29 08:03:21+00:00,DE,"Hello Esmir M, We're incredibly sorry about your disappointment with our service. We strongly suggest you always check OEN references in the description of the product. OEN verification gives you an almost 100% guarantee that you are ordering the exact part you need. Please note, that we offer a SO (Safe Order) option at checkout which allows you to return within 200 days and gives you a free return label. Our quality control manager will check your case and contact you in the nearest time. Best regards, AUTODOC Team.",autodoc,5
Very fast delivery and excellent service,stars-5.svg,2025-08-27 13:47:20+00:00,DE,"Hello! Thank you for your positive feedback! Best regards, AUTODOC Team",autodoc,5
"After posting this complaint, I was eventually contacted and reimbursed for the incompatible parts. However, after a few messages, the employee who had initially reached out to me appeared to stop responding, which forced me to contact the in-app support again. Only then was a warranty claim filed and my money refunded. While I am grateful for the resolution, I remain concerned about the way it was handled.The company referred to this outcome as a ‘gesture of goodwill.’ In reality, complying with consumer protection law is not goodwill—it is a legal obligation. What troubles me most is that, instead of straightforward assistance, I personally had to spend a great deal of time researching laws, studying specific legal articles, and presenting them to prove that I had the right to a refund.I appreciate the final resolution, but the process was unnecessarily time-consuming, frustrating, and placed the entire burden on me as the customer.Order number: 119912765Order date: 10.09.2024I am extremely disappointed with Autodoc’s customer service and their refusal to take responsibility for an incorrect part selection.All my previous orders for my Honda Accord 8 (VIN: JHMCU35809C203590) were always placed through Autodoc’s support team, never by myself. I always relied on their staff to provide the correct parts. However, in this case Autodoc now falsely claims that I ordered the parts on my own without their involvement, which is absolutely not true.The lower control arms that I received do not fit my vehicle. This is a clear case of “Sachmangel” under §434 BGB (German Civil Code) — the goods do not conform to the contract, as they are not suitable for the intended purpose. According to §439 BGB, in such cases the seller is obliged to provide a correct replacement or a full refund, and also to compensate the customer for costs of removal/installation.Instead, Autodoc is trying to hide behind a 14-day return period, which is irrelevant here. The 14-day return policy only applies to voluntary returns. When the goods are not as described or do not match the contract due to the seller’s mistake, the time limit does not apply — this is confirmed by EU consumer law (Directive 1999/44/EC and Directive (EU) 2019/771 on consumer sales and guarantees).In other words:	•	The parts were selected incorrectly by Autodoc staff (as in all my previous orders).	•	The parts do not fit — this is legally a non-conforming good.	•	Autodoc must provide a replacement or refund under BGB §§434–439 and EU Directive 2019/771.	•	Refusing support and shifting blame onto the customer is a breach of EU consumer rights.I am now forced to escalate this case to the European Consumer Centre (ECC-Net) and file a formal complaint. This whole experience has shown me that Autodoc’s customer support is unwilling to take responsibility when their own mistake causes problems for the buyer.⚠️ Buyers beware: if Autodoc makes a mistake in selecting your parts, they will try to deny responsibility and hide behind irrelevant “return policies.”",stars-3.svg,2025-09-05 09:29:12+00:00,NO,"Hello Александр Пятковский! We regret you faced all the inconvenience. Our Quality Control Manager will be contacting you shortly to review your case and assist you further. Best regards, AUTODOC Team",autodoc,3
Reply from AUTODOC - Deutschland,stars-5.svg,2025-08-22 14:42:59+00:00,DE,"Hello Motorgeräte Peter Jahn! Thank you for your positive feedback! Best regards, AUTODOC Team",autodoc,5
Reply from AUTODOC - Deutschland,stars-1.svg,2025-08-21 10:47:54+00:00,IE,"Dear Alzain Elie! We are sorry to hear you faced any inconvenience. Our quality control manager will look into the issue that occurred and get back to you in the shortest term. Best Regards, AUTODOC",autodoc,1
The quality of the parts are very good easy to assemble and they fit perfectly.,stars-5.svg,2025-08-20 19:55:28+00:00,DE,"Hello! Thank you for your feedback. We are very happy to know that we were able to surprise and please you! Best regards, AUTODOC Team",autodoc,5
"Perfect company, Perfect products.",stars-5.svg,2025-08-18 10:50:53+00:00,DE,"Hello HAKAN CALISIR! Thank you very much for your time and appreciation. Best regards, AUTODOC Team",autodoc,5
"Best car parts with very good pricing and customer service, thanks !!!!",stars-5.svg,2025-08-15 11:39:43+00:00,CH,"Hello Swiss Paket K Marzouk! Thank you for your kind words and appreciation of the quality of our work. Your feedback - is the best reward for us. We are looking forward to seeing you in our online store. Best regards, AUTODOC Team",autodoc,5
Super Service,stars-5.svg,2025-08-13 21:07:10+00:00,DE,"Hello! Thank you for your feedback. Have a nice day! Best regards, AUTODOC Team",autodoc,5
Gut!! Super shnell !!,stars-5.svg,2025-08-13 10:40:34+00:00,DE,"Hello! Thank you for your positive feedback! Best regards, AUTODOC Team",autodoc,5
Reply from AUTODOC - Deutschland,stars-5.svg,2025-08-10 00:22:35+00:00,DE,"Hello Tony Shakeel! Thank you for your feedback. Have a nice day! Best regards, AUTODOC Team",autodoc,5
Good!!!!!!,stars-5.svg,2025-08-08 10:35:07+00:00,UA,"Good afternoon Andrii! Thank you for your feedback, we really appreciate your opinion. We are glad that our services were able to meet your expectations. Best regards, AUTODOC Team",autodoc,5
its perfect,stars-5.svg,2025-08-07 21:00:06+00:00,DE,"Hello! Thank you for your feedback. Have a nice day! Best regards, AUTODOC Team",autodoc,5
"Besides the fact that the package arrived fast,surprisingly so, half of the car parts was not what we ordered. Happened before, not often but still upsetting. And to send the parts back, who has the time and the patience...",stars-2.svg,2025-08-05 10:58:14+00:00,DE,"Hello Popa Juliana, Thank you for your feedback, and we’re truly sorry to hear that you received incorrect parts — especially since this isn’t the first time. While we're glad the delivery was fast, we understand how frustrating and time-consuming return processes can be. Your experience is important to us, and we’re working to improve accuracy and make returns easier for our customers. Our Quality Control team will check the information and in soon will contact you. Best Regards, AUTODOC Team.",autodoc,2
Reply from AUTODOC - Deutschland,stars-5.svg,2025-08-02 18:39:43+00:00,DE,"Hello Herby! Thank you very much for your feedback and wonderful rating. We will continue to work only for 5 stars! Best regards, AUTODOC Team",autodoc,5
Reply from AUTODOC - Deutschland,stars-5.svg,2025-08-02 11:39:22+00:00,DE,"Hello Aleksa! Thank you for your feedback. We are very happy to know that we were able to surprise and please you! Best regards, AUTODOC Team",autodoc,5
"Long processing times, they will also allow you to order a part and then tell you the part is out of stock. Better order from somewhere else if you want your parts to arrive on time.",stars-1.svg,2025-07-21 09:37:04+00:00,MK,"Hello Drilon D, We are sorry that we didn't meet your expectations. The order processing time is 1-2 working days. As we see you placed your order on Friday ( 18.07.2025). We didn't have 1 item from your order in stock. We are sorry for this, but sometimes the information on the website is not updated on time. We offered you to remove missing item from order or find the alternative but you decided to cancel the whole order. Money was returned to you today. We hope you will give us one more chance in the future. Best Regards, AUTODOC Team",autodoc,1
"At the time of payment for the spare part, the price changed and increased significantly.",stars-2.svg,2025-07-20 09:49:38+00:00,DE,"Hi Dmytro! VAT was added according to destination country. We are sorry to know that you left unsatisfied with your purchase. Please feel free to contact us at trust@autodoc.de if any help is needed. Best regards, AUTODOC team",autodoc,2
"Ordered parts for my vehicle - Parts arrived and were incorrect; OK not an issue happens, but it is how this is dealt with that separates a good company and bad.  Followed their system for returns, can't talk on chat to a real person only a ""bot"" and AI really is not there yet!  Got the return authorised and and a return label was sent.  First I had to return a very heavy parcel through the post office and because the return was to Berlin special documentation for customs.  The return was delivered quickly on 5th July - I did not get my refund until 18th July, and when it did it was short by GBP4 - went online to autodoc site to delete account and took 30minutes just to get to live chat person - who then just didn't respond  - as usually they are dealing with more than 1 chat room query, but to be sat there for over 5 minutes without a response is just annoying to say the least.  As always, if the order has no issues I am sure they are a fine supplier, but as always a supplier should be judge on their handling of an issue and Autodoc in my opinion is at the bottom of this list.  If Autodoc are reading this my order no is 116362455 - knock yourselves out, as you will see what I have said above is correct!",stars-1.svg,2025-07-19 13:13:00+00:00,GB,"Hello RJ, We are sorry that didn't meet your expectations. Please check the order number that you have provided. This order doesn't belong to you. Please contact us at trust@autodoc.co.uk and provide correct order details and our quality control team will check your case. Best regards, AUTODOC Team",autodoc,1
Reply from AUTODOC - Deutschland,stars-5.svg,2025-07-18 14:11:09+00:00,DE,"Hello Maik! Thank you very much for your time and appreciation. Best regards, AUTODOC Team",autodoc,5
Perfect thanks,stars-5.svg,2025-07-17 13:18:04+00:00,DE,"Hello, thank you for your feedback. Best regards, AUTODOC Team",autodoc,5
Verry good product,stars-5.svg,2025-07-16 17:05:09+00:00,DE,"Hello! We want to thank you for your time and positive feedback! Best regards, AUTODOC Team",autodoc,5
Super 👍 Perfect,stars-5.svg,2025-07-15 12:07:21+00:00,DE,"Hello! Thank you for your positive feedback! Best regards, AUTODOC Team",autodoc,5
FRAUD FRAUD FRAUD Company avoid at all costs. I made purchase of a £400 order and wanted to return some items as I had no need for them and paid extra for the return any item that I paid a fee for as an extra. Lisa Dale was the one who handled the claim and refused my returns given me explanation as to why I’m returning never used and sealed items order no. 100177556 you placed 23/11/2023.Also refused to log me a complaint and refused to escalate to a manager please avoid this fraud company,stars-1.svg,2025-07-13 21:35:38+00:00,GB,"Hi Imran Shaban! We noticed that you left several identical reviews on our company profile. Your case has already been transferred to the quality control department. UPD We have additionally checked the information in your order based on your review. We are very sorry that you had such an impression of our service. However, we would like to draw your attention to the fact that you have applied for a return of an order for 2023. There are established return periods that must be adhered to. The ""Safe Order"" service for which you paid additionally extends the return period to 200 days, which have already expired. Therefore, your statement about fraud is not true. At the same time, we are always happy to make a decision in favor of the client. Our manager has already contacted you and provided the necessary assistance. We would greatly appreciate it if you could let us know in your feedback what progress has been made in resolving this issue. If you have any questions, please contact us at trust@autodoc.eu. Best regards, AUTODOC Team",autodoc,1
Gut servic Gut,stars-5.svg,2025-07-13 16:25:53+00:00,DE,"Hello! Thank you so much for your review! We will try to continue to provide you with the best experience in the future. Best regards, AUTODOC Team",autodoc,5
Quality parts low prices,stars-5.svg,2025-07-12 13:56:03+00:00,GB,"Hello Mr Michael Mitchell! We are very pleased to read sincere reviews. Thank you for choosing our company. We are glad that you were satisfied with everything. Best regards, AUTODOC Team",autodoc,5
"The quality of auto parts is not the best. What annoys me the most is that the pictures are not the same as the part I get. On the last order of a fuel pressure sensor, your thread was 1.5mm longer and I ordered this from Hitachi to be of better quality. I ordered a diesel filter together with the housing, and you sent me the filter without my approval and it took another week in the workshop for my car. The only thing I like about you is the easy return, of course with a prior payment for this service. You could also speed up the delivery time because SWEDEN is just a neighboring country :-)",stars-3.svg,2025-07-12 13:48:42+00:00,SE,"Hi Zoran! We are sorry for any inconvenience caused. We haven't received any complaints from you before in regards to this order. Please share with us more details about issue and item numbers on trust@autodoc.de. We will look into this in detail and take actions. Best regards, AUTODOC team",autodoc,3
Reply from AUTODOC - Deutschland,stars-4.svg,2025-07-10 07:51:50+00:00,DE,"Hello Arkadiusz! Thank you for your feedback. Please contact us if you have any questions. Best regards, AUTODOC Team",autodoc,4
"I ordered a DPF and AutoDoc sent it only wrapped in thin plastic. Do you really need to be a rocket scientist or a PhD in structural engineering to understand that a thin metal flange must be protected on a part that weighs 7 kg? Of course the DPF arrived damaged, the flange is bent and it will cause me another 2 weeks delay before I get a replacement now. With no guarantee it will arrive OK if the same genius packs it for transport.",stars-1.svg,2025-07-09 11:36:52+00:00,CH,"Hi! We are deeply sorry for any inconvenience caused by your recent purchases. Please get back to us at trust@autodoc.eu. As soon as we have more information about the issue we will be able to help you. Best regards, AUTODOC team",autodoc,1
Iuse it and is working perfect.,stars-5.svg,2025-07-09 10:23:37+00:00,DE,"Hello Daniel! Thank you for your positive feedback! Best regards, AUTODOC Team",autodoc,5
"Support is working good, you just need to ask about compatibility of spare with your car using your VIN code. Best prices!)))) Thank you!))))",stars-5.svg,2025-07-07 12:12:13+00:00,CH,"Hey Viktor! Thank you very much for your time and appreciation. Best regards, AUTODOC Team",autodoc,5
"Good Quality of products, as well as easy to use Internetseite. Quick delivery! I appreciate the Help of Service Bot!",stars-5.svg,2025-07-06 15:26:47+00:00,DE,"Hello Yuriy! We are very pleased to receive positive feedback from our customers! Good luck on any road. Best regards, AUTODOC Team",autodoc,5
de skal opdatere deres lager så folk kan få præcis hvad de bestiller,stars-1.svg,2025-07-04 20:09:12+00:00,DK,"Hello, please provide us with the correct order number and we will help you. Best regards, AUTODOC Team",autodoc,1
"Order ok, item ok. Four stars because of delivery. I wasn't home and they have left package 35min away from my home.",stars-4.svg,2025-07-04 11:27:50+00:00,DE,"Good afternoon, thank you for your high rating. We are glad that our services were able to meet your expectations. Best regards, AUTODOC Team",autodoc,4
Like always perfect,stars-5.svg,2025-07-03 10:08:24+00:00,GB,"Hello Svetoslav! Thank you very much for your time and appreciation. Best regards, AUTODOC Team",autodoc,5
"I ordered some parts from AUTODOC and when they arrived in the UK at the EVRI parcel delivery depo, the EVRI tracking system told me “This parcel is bigger than we expected, so a specialist Evri courier will need to deliver it.”   So it is coming up to 5 days that the parcel has been with EVRI, and I am still waiting to hear when my parcel is going to be delivered.   I contacted AUTODOC told them the parcel was oversized.   AUTODOC said “It is very unlikely that the package was oversized. All parts are inside normal package 750x200x950”.  I have confirmed with EVRI and their size limit is “Add together the 2 shortest sides and multiply it by 2. Then add the length. If the total is less than 245cm, your good to go”.   So doing this with the dimensions AUTODOC gave me for my parcel (750x200x950) the calculation would be 200 +  750 = 950.   Then 950 x 2 = 1900.  Then take the 1900 + 950 = 2850!   A total of 2850mm shows this parcel is over the EVRI size limit of 2450mm.   So it is oversized for EVRI based on AUTODOC’s own admissions.   EVRI also tells parcel senders “If your parcel is Overweight or Oversized then we’ll send the additional costs on to the sender and keep the parcel until we receive payment”.   So if AUTODOC don’t admit what they have done and look into what I have told them (will AUTODOC do this, because as far as AUTODOC are concerned the delivery is still not classified as late or there isn’t a size issue as far as they are concerned) so looking at other complaints on Trustpilot this could be weeks before this is sorted out.I have to also add this is the Second order in a row now, I have had a delivery issue with.  So I have 4 direct questions for AUTODOC which are as follows.  1)	Why do you send out oversized parcels to EVRI?   2)	Even if this was an AUTODOC accident sending it via EVRI, why does you customer service team not know about the size limit with EVRI and go immediately to resolve the problem?  3)	Is the issue I have having also happening to others?    4)	When am I going to get my parcel?   AUTODOC if you reply to this post, please give actual direct answers to all my questions and not some standard holding comment like “Your case has been referred to the quality control department and will be considered as soon as possible.”  Thank you.  John",stars-1.svg,2025-06-30 13:14:31+00:00,GB,"Hello John, We are sorry you faced inconveniences. We will check situation with the parcels' sizes. Our quality control manager will contact you in the nearest time. Best Regards, AUTODOC Team",autodoc,1
"Very good Markt, quick delivery, good quality of goods. Thanks.",stars-5.svg,2025-06-29 17:08:28+00:00,AE,"Hello Igor! Thank you very much for your kind words. We will continue to delight you with high-quality service. Best regards, AUTODOC Team",autodoc,5
Quality and consistency are key in this company,stars-5.svg,2025-06-28 13:46:29+00:00,DE,"Hello Kirilov Petko! Thank you for your feedback. Have a nice day! Best regards, AUTODOC Team",autodoc,5
"Delivery, service, Good quality",stars-5.svg,2025-06-28 12:09:24+00:00,DE,"Hello! Thank you very much for your time and appreciation. Best regards, AUTODOC Team",autodoc,5
It came very fast and all items were in good condition,stars-5.svg,2025-06-26 15:41:15+00:00,DE,"Hello! Thank you very much for your time and appreciation. Best regards, AUTODOC Team",autodoc,5
The company alow to return item after several weeks from the return date.,stars-5.svg,2025-06-23 12:23:44+00:00,DE,"Hello RAMIREZ GONZALEZ, ANTONIO! Thank you very much for your feedback and wonderful rating. We will continue to work only for 5 stars! Best regards, AUTODOC Team",autodoc,5
Fast - easy - cheap 👌,stars-5.svg,2025-06-19 11:36:12+00:00,SE,"Hello Fredrik! Thank you for your positive feedback! Best regards, AUTODOC Team",autodoc,5
I am happy with the results from AUTODOC issue resolved full refund not happy about my car has Vauxhall want 3000 pounds to fix it I take back my previous message about AUTODOC they have dealt with my claim and I will be using this company again just not for this car has it’s not worth 3000 pounds to fix it many thanks AUTODOC,stars-5.svg,2025-06-20 08:44:11+00:00,GB,"Hello Gary! Thank you for your kind words and appreciation of the quality of our work. Your feedback - is the best reward for us. We are looking forward to seeing you in our online store. Best regards, AUTODOC Team",autodoc,5
"what made my experience great this time. I have been using this market for a long time, the spare parts are great, I am satisfied. This time I ordered the spare parts in advance, but the next day I realized that I did not need them. Then I submitted a request for a return of the goods, I was accompanied by Gloria, a company employee, a very nice and pleasant girl.I got my money back and a €15 coupon.Wow, incredible. I am very grateful to the company, and incredibly grateful to Gloria. THANK YOU!!!!",stars-5.svg,2025-06-15 00:52:22+00:00,DE,"Good Afternoon, Nazar! Thank you for your kind words and appreciation of the quality of our work. Your feedback - is the best reward for us. We are looking forward to seeing you in our online store. Greetings and many thanks to you from Gloria! Best regards, AUTODOC Team",autodoc,5
"Great, fast service",stars-5.svg,2025-06-13 19:44:54+00:00,DE,"Hello! Thank you very much for your kind words. We will continue to delight you with high-quality service. Best regards, AUTODOC Team",autodoc,5
Gut Service,stars-5.svg,2025-06-11 11:28:51+00:00,UA,"Hello! Thank you for your rating! With every feedback we get better. Best regards, AUTODOC Team",autodoc,5
Very well for everything,stars-5.svg,2025-06-10 14:49:12+00:00,DE,"Hello! Thank you so much for your review! We will try to continue to provide you with the best experience in the future. Best regards, AUTODOC Team",autodoc,5
Reply from AUTODOC - Deutschland,stars-5.svg,2025-06-09 18:51:13+00:00,DE,"Hello Pawel! Thank you for your feedback. We are very happy to know that we were able to please you! Best regards, AUTODOC Team",autodoc,5
As always fantastic service and super products …,stars-5.svg,2025-06-09 16:19:12+00:00,DE,"Hello Brummiebutler! Thank you very much for your time and appreciation. Best regards, AUTODOC Team",autodoc,5
Everything that i bay to Autodoc its perfect.Thank you,stars-5.svg,2025-06-08 12:48:11+00:00,DE,"Hello! Thank you for your feedback. Have a nice day! Best regards, AUTODOC Team",autodoc,5
Past perfect injektor,stars-5.svg,2025-06-06 14:49:00+00:00,DE,"Hello! Thank you for your feedback. Have a nice day! Best regards, AUTODOC Team",autodoc,5
"The item is very good , price is good and material as well good. I will try my best for buying in the future.",stars-5.svg,2025-06-06 13:58:46+00:00,DE,"Hello Ahmad! Thank you for your kind words and appreciation of the quality of our work. Your feedback - is the best reward for us. We are looking forward to seeing you in our online store. Best regards, AUTODOC Team",autodoc,5
Reply from AUTODOC - Deutschland,stars-5.svg,2025-06-05 15:19:50+00:00,DE,"Hello! Thank you very much for your time and appreciation. Best regards, AUTODOC Team",autodoc,5
Reply from AUTODOC - Deutschland,stars-5.svg,2025-05-30 19:21:17+00:00,DE,"Hello Mihail ! We want to thank you for your time and positive feedback! Best regards, AUTODOC Team",autodoc,5
Items bought were original.delivery is fast.,stars-5.svg,2025-05-29 16:11:20+00:00,LV,"Hello Andrejs! Thank you for your feedback. Have a nice day! Best regards, AUTODOC Team",autodoc,5
Reply from AUTODOC - Deutschland,stars-4.svg,2025-05-28 23:39:51+00:00,DE,"Hi there! Thank you very much for your time and appreciation. Best regards, AUTODOC Team",autodoc,4
Alles top !!!!,stars-5.svg,2025-05-27 22:02:05+00:00,DE,"Hello Plamen Minev! We are very pleased to receive positive feedback from our customers! Good luck on any road. Best regards, AUTODOC Team",autodoc,5
Reply from AUTODOC - Deutschland,stars-5.svg,2025-05-27 11:37:29+00:00,CH,"Guten Tag, Michal! Vielen Dank für deine ausgezeichnete Bewertung! Dein Feedback ist unsere Motivation zur Weiterentwicklung, um unseren Kunden den bestmöglichen Service anbieten zu können. Wir freuen uns sehr, dich in unserem Online-Shop wieder begrüßen zu dürfen. Mit freundlichen Grüßen AUTODOC Team",autodoc,5
"11 euros shipping for a 96 cent lightbulb. Completely out of proportion. My husband didn't pay attention. No way of stopping the order within seconds of noticing. Only order bigger products from Autodoc where the shipping is in proportion to the cost of the product.After posting this review, Autodoc contacted me and offered to reimburse 10 euros of the shipping, which I accepted, and added a star to the review.",stars-3.svg,2025-05-29 15:59:26+00:00,BE,"Hi. Thank you for your review! We will take your comments into account and try to improve our service next time. Thank you for choosing us! Best regards, AUTODOC Team",autodoc,3
Best quality und Services,stars-5.svg,2025-05-17 18:01:28+00:00,DE,"Hello Tahir! Thank you very much for your kind words. We will continue to delight you with high-quality service. Best regards, AUTODOC Team",autodoc,5
"Order never delivered, shocking customer experience due to their delivery provider",stars-1.svg,2025-05-17 16:09:11+00:00,GB,"Hello Drew, We thank you for sharing your opinion with us and we regret that we did not meet your expectations. Your complaint has been forwarded to the relevant department and we will try to contact you as soon as possible. Kind regards, The AUTODOC Team",autodoc,1
Reply from AUTODOC - Deutschland,stars-5.svg,2025-05-17 12:21:19+00:00,DE,"Hi Illkov, We thank you for taking the time to write a review. Kind regards, AUTODOC Team",autodoc,5
It is cery good app abd they help if we have aby provmblem with our parcel,stars-5.svg,2025-05-17 11:46:04+00:00,DE,"Hi Arif, We thank you for your positive review. We hope to see you very soon! Kind regards, AUTODOC Team",autodoc,5
Thanks 4 all,stars-5.svg,2025-05-10 20:15:17+00:00,DE,"Hello Nikolaos! We are very pleased to receive positive feedback from our customers! Good luck on any road. Best regards, AUTODOC Team",autodoc,5
"Perfect, Perfect",stars-5.svg,2025-05-10 15:01:26+00:00,DE,"Hello Anatoli! Thank you for your positive feedback! Best regards, AUTODOC Team",autodoc,5
"Smooth transaction, great price, excellent app!",stars-5.svg,2025-05-04 10:48:53+00:00,GE,"Hello! We want to thank you for your time and positive feedback! Best regards, AUTODOC Team",autodoc,5
AUTODOC fake company took money from me not delivered the item to me not refund my money..Mostly item fake and wrong item sent,stars-1.svg,2025-04-28 23:19:28+00:00,GB,"Dear Shaz Khan! Our quality control manager has already contacted you. Please check your inbox. We look forward to hearing from you. Best regards, AUTODOC Team",autodoc,1
Fur mich war das beseter.,stars-5.svg,2025-04-25 13:04:01+00:00,XK,"Hello! Thank you for your positive feedback! Best regards, AUTODOC Team",autodoc,5
Great company. Parts came in fast. The have everything you need with great prices.,stars-5.svg,2025-04-21 14:28:44+00:00,DE,"Hello! Thank you for taking the time to leave a review of our company. We are looking forward to seeing you in our online store. Best regards, AUTODOC Team",autodoc,5
Great and very professional,stars-5.svg,2025-04-20 12:50:06+00:00,IT,"Hello Alex! We are very pleased to read sincere reviews. Thank you for choosing our company. We are glad that you were satisfied with everything. Best regards, AUTODOC Team",autodoc,5
Reply from AUTODOC - Deutschland,stars-5.svg,2025-04-17 12:07:14+00:00,CH,"Hello Martin! Thank you for your feedback. Have a nice day! Best regards, AUTODOC Team",autodoc,5
"Autodoc truly value the customer I had an exceptional experience with Autodoc! Despite encountering a unique situation with my purchase, the team went above and beyond to assist me. A special shout-out to Anna from the corporate staff—her professionalism and dedication turned what could have been a challenging situation into a seamless and positive resolution. Her communication was prompt and clear, and her efforts truly reflected the high standards of customer service at Autodoc. I highly recommend Autodoc for their outstanding support and customer care!",stars-5.svg,2025-04-14 22:32:10+00:00,NL,"Good afternoon, Hadi Cheema! Thank you very much for your feedback. We will convey your gratitude to the employee. Anna is a really good specialist who loves her job. Have a nice day! Best regards, AUTODOC Team",autodoc,5
Had problem with fuel sensor part received broken.Gave me full refund great customer service .,stars-5.svg,2025-04-10 14:33:53+00:00,GB,"Hello Dave! Thank you for your kind words and appreciation of the quality of our work. Your feedback - is the best reward for us. We are looking forward to seeing you in our online store. Best regards, AUTODOC Team",autodoc,5
thanks for fast transport 👍,stars-5.svg,2025-04-07 13:27:09+00:00,DE,"Hi Ehab! Thank you very much for your time and appreciation. Best regards, AUTODOC Team",autodoc,5
Reply from AUTODOC - Deutschland,stars-5.svg,2025-04-06 10:10:52+00:00,DE,"Hello Massimo! We are very pleased to receive positive feedback from our customers! Good luck on any road. Best regards, AUTODOC Team",autodoc,5
"fast, cheap perfect delivery and items",stars-5.svg,2025-04-05 11:17:49+00:00,DE,"Hello Jim! Thank you for your feedback. We are very happy to know that we were able to surprise and please you! Best regards, AUTODOC Team",autodoc,5
"Exactly as required, quickly delivered",stars-5.svg,2025-04-03 22:33:56+00:00,GB,"Hello Mr Edward Delaine! Your feedback - is the best reward for us. We are looking forward to seeing you in our online store. Best regards, AUTODOC Team",autodoc,5
"How are you going to send me the wrong part but charge me to send it back to you? This review has been edited due to the excellent customer support I received, return shipping was paid for in the end but the wrong parts were still received in the first place",stars-3.svg,2025-04-23 15:10:11+00:00,DE,"Hello Zanette Madison, We regret that we did not meet your expectations. Our quality control manager will contact you in the shortest terms in order to specify the issue and find an appropriate solution. Best Regards, AUTODOC Team.",autodoc,3
Auto doc simply the best!,stars-5.svg,2025-04-01 20:02:39+00:00,DE,"Hello Do Nascimento Fernando! We want to thank you for your time and positive feedback! Best regards, AUTODOC Team",autodoc,5
"""I am giving 3 stars because there is no option to choose the shipping method. I can't select whether the package is sent via DHL or UPS. Additionally, there is no option to pay more for faster delivery. The car has to stay at the repair shop for 5 days until the part arrives, and that's assuming the postal service does everything on time.""",stars-3.svg,2025-04-01 09:53:59+00:00,DE,"Dear Alireza Rezvan! If any progress has been made in resolving this issue, we would be extremely grateful if you could let us know in your feedback. If you have any questions, please contact us at trust@autodoc.de. We will be very glad to see you again in our online store. Best regards, AUTODOC Team",autodoc,3
Genrally speaking shipping is just too slow. Often it takes 1 week from order to received. Also quality parts are getting fewer and further apart.,stars-2.svg,2025-03-31 17:47:35+00:00,TR,"Hello! We sincerely apologize for not meeting your expectations. Standard order processing takes up to 48 hours, and delivery - 4-6 business days. However, sometimes delays occur. For our part, we do everything possible to speed up the process. Our quality control manager will contact you as soon as possible to specify the issue and help you. Best regards, AUTODOC Team",autodoc,2
Fast delivery and very good packaged,stars-5.svg,2025-03-31 13:06:30+00:00,DE,"Hi! Thank you very much for your time and appreciation. Best regards, AUTODOC Team",autodoc,5
"I ordered an exterior mirror through the app. The right product was easy to find, and coincidentally, it was even discounted, and the entire process was quick and easy. Unfortunately, the package couldn't be delivered and was taken to a parcel shop quite far away. Luckily, the super friendly Gloria was able to help me excellently. If only customer service were this good everywhere.",stars-5.svg,2025-03-25 13:37:45+00:00,DE,"Dear Steffen! Please, accept our gratitude for your feedback and attention to our work. We are happy you have a positive cooperation experience with us. We wish you good luck on the road. Best regards, AUTODOC Team",autodoc,5
Advice from your employees,stars-5.svg,2025-03-25 07:35:07+00:00,DE,"Hello! We want to thank you for your time and positive feedback! Best regards, AUTODOC Team",autodoc,5
"Good service, fast delivery of quality parts.",stars-5.svg,2025-03-24 12:26:38+00:00,DE,"Hello Marko! Thank you very much for your feedback and wonderful rating. We will continue to work only for 5 stars! Best regards, AUTODOC Team",autodoc,5
Very good Platform to order what u need for your car👍🏻.,stars-5.svg,2025-03-22 13:19:20+00:00,NL,"Hello! Thank you for your feedback. Have a nice day! Best regards, AUTODOC Team",autodoc,5
They’ve got almost everything.,stars-5.svg,2025-03-22 11:49:56+00:00,DE,"Hello Jimmy! Thank you for your feedback. Have a nice day! Best regards, AUTODOC Team",autodoc,5
"As always, speed of service, easy ordering, great products.👍",stars-5.svg,2025-03-20 16:23:51+00:00,DE,"Hi Vladimir! Thank you very much for your time and appreciation. Best regards, AUTODOC Team",autodoc,5
Reply from AUTODOC - Deutschland,stars-5.svg,2025-03-20 12:38:26+00:00,AL,"Hello Ismet! Thank you for your positive feedback! Best regards, AUTODOC Team",autodoc,5
It's take little bit long time for delivery but was perfect fit I'm setisfied thanks autodoc 👍👍👍,stars-5.svg,2025-03-18 20:31:11+00:00,DE,"Hello Javed! We want to thank you for your time and positive feedback! Best regards, AUTODOC Team",autodoc,5
"Very poor. Ordered two separate items on the same day. First arrived on time and with no issues. Second part was a week late (even though from some source) and when unboxed was damaged even though there was no damage to packaging. To get a refund required lots of photos, then I had to print a returns label, take it to a post office and return it. It has now arrived at their warehouse and I have had no notification. Talking to the chat it is useless and a person has just informed me it can take up to 14 days to process the refund. This is very poor for an online business. Most online traders manage this inside a day or two. By the time the refund happens it will be a month. If it were Amazon it would be 3-4 days tops. Even eBay is quicker. I won't be using Autodoc again. It's not worth the hassle if something goes wrong.",stars-1.svg,2025-03-17 21:41:53+00:00,GB,"Hello Mr Alastair Bell, We're incredibly sorry about your disappointment with our service. Please be informed that our quality control manager will look into the issue that occurred and get back to you in the shortest terms. Best Regards, AUTODOC Team",autodoc,1
I have purchased from Autodoc in France and in the UK. I am often surprised by the range of parts available. The price is always good and delivery has never been a problem. I hope that the quality of service continues.,stars-5.svg,2025-03-11 19:33:41+00:00,FR,"Hello Alain! Thank you for your positive feedback! Best regards, AUTODOC Team",autodoc,5
"As promised to Auto doc after my last review, I am reviewing after another order.1. They recognised the previous issue and recompensed me for the inconvenience. That means they listen to their customers. 👍👍👍2. The second order came as promised, but I am obliged to say that for the items I ordered the online order from them does not work. The items were more expensive than local (2 miles away) shop; postage is high on a low value order;it still took a few days to arrive.That said, auto doc have a much broader range of products (a previous order was for a hard to source item) so I just have to be careful in my research in future.",stars-4.svg,2025-03-11 11:33:53+00:00,GB,"Hello Riccy Jen! Thank you for your sincere review. Your feedback - is the best reward for us. We are looking forward to seeing you in our online store. Best regards, AUTODOC Team",autodoc,4
"Bought a Mahle thermostat, received a different brand with the logo scrapped off and in a Mahle box. Straight fraudsters. Customer service admitted it but acted like it's no big deal. STAY AWAY!!!Edit: 13.03.2025 I raised to 2 stars after receiving a 20 euro refund, wich is good but still would not recommend...",stars-2.svg,2025-03-12 13:01:56+00:00,DE,"Hello, It is unfortunate that such a situation has arisen. Please be informed that our quality control manager will look into the issue that occurred and get back to you in the shortest terms. Best Regards, AUTODOC Team.",autodoc,2
I am happy with the quality and the servisAs the regular cotumer will be very happy if you give me time by time exlusive ofersThank you!,stars-5.svg,2025-03-08 22:44:08+00:00,DE,"Hello! Thank you for your positive feedback! Best regards, AUTODOC Team",autodoc,5
The website is very easy to use and you always have everything I need for a good price. Delivery is always fast and the bonuses are fun!,stars-5.svg,2025-03-07 12:01:21+00:00,DE,"Hello David! We are very pleased to read sincere reviews. Thank you for choosing our company. We are glad that you were satisfied with everything. Best regards, AUTODOC Team",autodoc,5
"Express delivery is a waste of money. They don't keep their promises. I placed an order on Nov.18 and it was delivered on Nov.24.
Spark plugs were damaged, brake discs were unpacked! I returned the... See more",stars-1.svg,2022-12-19 16:11:54+00:00,,,mister-auto,1
"It would be better if you provide a little bit more information about the parts like technikal parameters, actual photos etc. I would be more satisfied if I could find more parts about Subaru cars. An... See more",stars-4.svg,2017-07-12 14:44:39+00:00,,,mister-auto,4
"There was an issue on one item i ordered. I asked for an alternative and it was shipped at no extra charge. 

Prices are always good. Customer care always responsive. 

Highly recommend",stars-5.svg,2016-01-30 10:04:02.296000+00:00,,,mister-auto,5
I wait for ordered parts 3 weeks.  Package Has been delivered with broken box and Was not complet. I order 4 sparks and in package Was only 1.,stars-1.svg,2018-05-26 12:00:10+00:00,,,mister-auto,1
"Express delivery is a waste of money. They don't keep their promises. I placed an order on Nov.18 and it was delivered on Nov.24.Spark plugs were damaged, brake discs were unpacked! I returned the goods. They were delivered to mister auto on  Nov.30And then I had to wait 2 weeks for they refund my money! Disgusting!",stars-1.svg,2022-12-19 16:11:54+00:00,UA,"Dear customer, thank you for your feedback. Your order should be delivered to you on November 24th, 2022 and you should have received the delivery on this day. You should have been refunded the full order amount long ago. We regret that the spare parts came to you in poor condition and we apologize for this. Kind regards, The Mister Auto team",mister-auto,1
Thank you. Everything arrived as ordered and described.,stars-5.svg,2020-05-26 11:00:27+00:00,HR,,mister-auto,5
"Top Support,Top Teile, einfach Top",stars-5.svg,2020-05-19 10:14:51+00:00,DE,,mister-auto,5
"Super, the best and fast delivery 👍👌",stars-5.svg,2020-03-21 17:41:09+00:00,SI,,mister-auto,5
Service 1A!!,stars-5.svg,2020-03-10 13:02:31+00:00,DE,,mister-auto,5
super......................,stars-5.svg,2020-02-28 18:00:24+00:00,DE,,mister-auto,5
Gut.gut gut.,stars-5.svg,2020-02-14 10:55:02+00:00,PT,,mister-auto,5
Alles war tip top!,stars-5.svg,2020-01-23 19:51:23+00:00,DE,,mister-auto,5
"Top, alles Oakay!",stars-5.svg,2019-10-20 14:46:12+00:00,DE,,mister-auto,5
"everything went well, delivery time was a bit long",stars-4.svg,2019-10-07 10:14:12+00:00,DE,,mister-auto,4
"Terrible buying experience, will not use again. They sent wrong parts and I then had to jump through hoops to return for a refund. Useless.",stars-1.svg,2019-09-16 10:48:29+00:00,GB,"Hallo, wir werden Ihnen dankbar sein, uns die konkrete Bestellung mitzuteilen, damit wir den Vorfall auch überprüfen konnten. Solche allgemeine Behauptungen  bleiben leider unbewiesen. Mit freundlichen Grüßen, Das Team von Mister-Auto",mister-auto,1
super !!!!!!!,stars-5.svg,2019-09-04 11:18:17+00:00,DE,,mister-auto,5
Ging alles gut!,stars-4.svg,2019-08-12 17:13:55+00:00,DE,,mister-auto,4
tip top  alles ok,stars-5.svg,2019-06-19 10:54:09+00:00,LU,,mister-auto,5
"Super Schnell, Top",stars-5.svg,2019-06-14 13:27:45+00:00,DE,,mister-auto,5
Super .......,stars-5.svg,2019-05-29 07:39:42+00:00,DE,,mister-auto,5
Top!!!!!!!!!!!,stars-5.svg,2019-05-28 21:37:20+00:00,DE,,mister-auto,5
The order has not been send. Neither the payment. Start claim on PayPal to get money back,stars-1.svg,2019-05-14 10:08:51+00:00,NL,"Sehr geehrter Kunde, leider ist es nicht möglich, eine deutsche Bestellung in Holland zustellen zu lassen, der Bestellbetrag müßte Ihnen schon längst über Paypal erstattet worden sein.  Wir würden Sie freundlichst bitten, eine Bestellung an folgender Internet-Seite auszulösen : https://www.mister-auto.nl Vielen Dank im Voraus für Ihre Bemühungen. Mit freundlichen Grüßen, Das Team von Mister-Auto",mister-auto,1
All ok but packaging could be a bit better : the safety pack triangle+yellow jacket was a bit dirty like having passed years in warehouse....orders+delivery is OK,stars-4.svg,2019-05-03 11:28:30+00:00,FR,,mister-auto,4
tip top  alles perfect,stars-5.svg,2019-05-02 18:18:04+00:00,LU,,mister-auto,5
Top! Top! Top!,stars-5.svg,2019-04-30 10:47:16+00:00,DE,,mister-auto,5
Gut...........,stars-5.svg,2019-04-13 15:08:59+00:00,DE,,mister-auto,5
I was happy to e able to buy from you.But the  cost of the postage was tooMuch,stars-4.svg,2019-04-12 11:02:18+00:00,DE,,mister-auto,4
Das war super!,stars-5.svg,2019-04-10 10:22:41+00:00,DE,,mister-auto,5
Alles Top Danke,stars-5.svg,2019-02-20 11:04:17+00:00,DE,,mister-auto,5
Top!!!!!!!!!!!!!,stars-5.svg,2019-01-24 18:46:10+00:00,DE,,mister-auto,5
Alles war Super. Danke!,stars-5.svg,2018-12-09 19:49:43+00:00,DE,,mister-auto,5
Supper so weiter,stars-5.svg,2018-12-05 14:54:58+00:00,DE,,mister-auto,5
Very good.Satisfied.,stars-4.svg,2018-08-14 10:52:03+00:00,KR,,mister-auto,4
Ratzi Fatzi alles Top.,stars-5.svg,2018-07-23 10:11:49+00:00,DE,,mister-auto,5
Alles Tip Top! Danke,stars-5.svg,2018-07-18 16:35:01+00:00,DE,,mister-auto,5
"Top Ware zu absolut fairen Preisen,vielen Dank!",stars-5.svg,2018-06-30 16:46:37+00:00,DE,,mister-auto,5
Alles Top. Danke!,stars-5.svg,2018-06-20 06:42:09+00:00,DE,,mister-auto,5
"Superware, alles bestens !!",stars-5.svg,2018-06-10 12:04:35+00:00,DE,,mister-auto,5
All materials arrived and waiting to be installed. Found it is better to order from one Vendor to save on shipping costs and ease of tracking.,stars-5.svg,2018-05-28 15:50:23+00:00,DE,,mister-auto,5
I wait for ordered parts 3 weeks.  Package Has been delivered with broken box and Was not complet. I order 4 sparks and in package Was only 1.,stars-1.svg,2018-05-26 12:00:10+00:00,DE,"Sehr geehrter Kunde, vielen Dank für Ihre Meldung. Wir bitten Sie freundlichst, sich mit dem Kundenservice in Verbindung zu setzen, damit wir Ihnen weiterhelfen konnten, vielen Dank im Voraus. Mit freundlichen Grüßen Das Team von Mister-Auto",mister-auto,1
-----Top-----,stars-5.svg,2018-04-10 13:31:35+00:00,DE,,mister-auto,5
Einfach top super,stars-5.svg,2018-03-31 14:23:01+00:00,DE,,mister-auto,5
liferung perfekt,stars-4.svg,2018-03-20 14:56:24+00:00,DE,,mister-auto,4
Reply from Mister-Auto.de,stars-3.svg,2018-01-10 10:44:25+00:00,DE,"Sehr geehrter Herr Abdellatif, vielen Dank für Ihre gute Einschätzung. Falls Sie mit unserer Arbeit zufrieden geblieben sind, könnten Sie bei Möglichkeit auch ihre Bewertung dementsprechend eventuell bearbeiten. Vielen Dank im Voraus für Ihre Bemühungen! Mit freundlichen Grüßen Das Team von Mister-Auto",mister-auto,3
tiptoptiptop,stars-5.svg,2017-12-19 12:18:48+00:00,CH,,mister-auto,5
"alles top, superr zufrieden",stars-5.svg,2017-12-11 19:04:22+00:00,DE,,mister-auto,5
"Supper, perfect für mich",stars-5.svg,2017-12-07 21:31:47+00:00,DE,,mister-auto,5
"fast delivery,quality products,profesional team !!!",stars-5.svg,2017-11-27 19:55:00+00:00,DE,,mister-auto,5
Sher gut  unt gunstik gut lifer 2 Tage nach zalung,stars-5.svg,2017-11-16 10:53:37+00:00,DE,,mister-auto,5
👍alles top!!!,stars-5.svg,2017-11-02 10:39:30+00:00,DE,,mister-auto,5
Alles gut; Haar in der Suppe: überdimensionierter Karton,stars-4.svg,2017-10-30 12:07:57+00:00,DE,,mister-auto,4
SUPER!!!!! KLASS!!!,stars-5.svg,2017-10-23 14:14:34+00:00,DE,,mister-auto,5
Reply from Mister-Auto.de,stars-2.svg,2017-10-12 10:55:47+00:00,DE,"Sehr geehrte Frau Rau, vielen Dank für Ihre Einschätzung. Falls Sie mit unserer Arbeit zufrieden geblieben sind, würden wir Sie bitten, auch Ihre Bewertung dementsprechende zu bearbeiten! Vielen Dank für ihr Verständnis ! Mit freundlichen Grüßen, Fr.Geiger Ihr Mister-Auto Team",mister-auto,2
Thank you! :),stars-5.svg,2017-09-19 11:50:21+00:00,DE,,mister-auto,5
I am very much amazed at the price and product quality. Delivery was timely as expected. Will recommend further. Thanks a lot.,stars-5.svg,2017-09-19 10:19:50+00:00,DE,,mister-auto,5
"I ordered luftfilter and pollenfilter based on my cartype, and both were absolutely perfect fit and easy install! Fast delivery too.",stars-5.svg,2017-09-13 19:32:35+00:00,CH,,mister-auto,5
"Good prices, fast delivery, easy to use website, history stored for reference.Well done !!",stars-5.svg,2017-08-22 10:04:29+00:00,DE,,mister-auto,5
"It would be better if you provide a little bit more information about the parts like technikal parameters, actual photos etc. I would be more satisfied if I could find more parts about Subaru cars. And of course if there are more deals and offers I would be purchasing more often. If you have Motul oil also would be great.",stars-4.svg,2017-07-12 14:44:39+00:00,BG,,mister-auto,4
"One shop I can trust, when I had a problem they handled it correctly, good customer support, I'm satisfied so far.",stars-5.svg,2017-07-12 10:32:21+00:00,DE,,mister-auto,5
"Hi, very good experience, spares were easy to select, fast and convenient delivery. Thanks,Madars Griva",stars-5.svg,2017-07-12 06:25:15+00:00,GB,,mister-auto,5
fast and perfect,stars-5.svg,2017-06-29 12:30:12+00:00,DE,,mister-auto,5
Alles war super :) Du bist die beste Mister-Auto :),stars-5.svg,2017-06-21 16:59:59+00:00,DE,,mister-auto,5
Seer gud zufriden,stars-5.svg,2017-06-21 12:37:25+00:00,DE,,mister-auto,5
Service is great and fast,stars-5.svg,2017-04-12 12:01:28+00:00,DE,,mister-auto,5
Netter Service,stars-5.svg,2017-03-02 13:39:10+00:00,DE,,mister-auto,5
Super Service,stars-5.svg,2017-02-27 11:24:57+00:00,DE,,mister-auto,5
Super Mister-Auto,stars-5.svg,2017-02-08 17:04:10+00:00,DE,,mister-auto,5
Not good service,stars-1.svg,2017-02-03 17:23:39+00:00,DK,"Sehr geehrter Herr Mohammed, es ist schade, daß Sie nicht zufrieden geblieben sind. Es wäre viel nützlicher, falls konkret eine Ursache dafür genannt wäre. Ihre letzte Bestellung wurde am  Dienstag, den 17.01.2017 um 22,59 Uhr ausgelöst und alle 4 Pakete wurden am Freitag, den 20.01.2017 erfolgreich zugestellt. Mit freundlichen Grüßen Fr.Geiger Das Team von Mister-Auto",mister-auto,1
"My first and probably only transaction for quite some time, I can't complain.",stars-5.svg,2016-12-23 10:40:17+00:00,DE,,mister-auto,5
TOP SHOP  ............,stars-5.svg,2016-12-22 10:50:43+00:00,DE,,mister-auto,5
Prima service,stars-5.svg,2016-12-18 16:52:08+00:00,DE,,mister-auto,5
"Very good and fast delivery, top quality.",stars-5.svg,2016-12-13 11:04:50+00:00,DE,,mister-auto,5
Perfeckt super,stars-5.svg,2016-11-23 12:40:50+00:00,DE,,mister-auto,5
Everything else is ok. But the delivery speed is sometimes very slow .,stars-4.svg,2016-11-18 06:45:42+00:00,DE,,mister-auto,4
War alles in Or,stars-5.svg,2016-11-15 10:08:09+00:00,DE,,mister-auto,5
super .............,stars-5.svg,2016-11-04 17:23:14+00:00,DE,,mister-auto,5
I did shopping in this shop many times and always everything was OK.,stars-5.svg,2016-11-02 20:13:29+00:00,DE,,mister-auto,5
Super Service,stars-5.svg,2016-10-12 05:25:43+00:00,DE,,mister-auto,5
"Bremsenscheiben für Meriva bestelt ,bremsenscheiben für Astra gekriegt.",stars-1.svg,2016-09-27 10:58:29+00:00,NL,"Sehr geehrter Herr Feyzula, vielen Dank für Ihre Information. Wir bedauern, daß Sie nicht passende Ersatzteile bekommen haben und würden Sie freundlichst bitten, den Kundendienst zu kontaktieren, um die Rücksendung der nicht passenden Bremsscheiben besprechen zu können. Mit freundlichen Grüßen Fr.Geiger Das Team von Mister-Auto",mister-auto,1
Received everything I ordered fast delivery and good price,stars-4.svg,2016-09-26 12:57:31+00:00,DE,,mister-auto,4
Friendly and Efficient,stars-5.svg,2016-09-04 10:24:32+00:00,GB,,mister-auto,5
"Very good, super.",stars-5.svg,2016-08-30 14:55:08+00:00,DE,,mister-auto,5
clio 2 alles ok,stars-5.svg,2016-08-27 11:00:59+00:00,DE,,mister-auto,5
The Best nomber 1,stars-5.svg,2016-08-15 14:56:10.911000+00:00,DE,,mister-auto,5
"Easy transaktion, No Problems",stars-5.svg,2016-08-07 08:33:57+00:00,DE,,mister-auto,5
Super superr,stars-5.svg,2016-07-16 10:13:47+00:00,DE,,mister-auto,5
Prompter Service!,stars-5.svg,2016-06-24 11:40:17+00:00,DE,,mister-auto,5
Easy....................,stars-5.svg,2016-06-04 07:31:57+00:00,DE,,mister-auto,5
super!!!!!!!!!!!!!!!!!!,stars-5.svg,2016-04-28 17:59:13+00:00,DE,,mister-auto,5
Super service,stars-5.svg,2016-04-22 16:39:13+00:00,CH,,mister-auto,5
War super 😀😀,stars-5.svg,2016-02-25 00:51:52.228000+00:00,DE,,mister-auto,5
all ok...........,stars-5.svg,2016-02-08 10:07:08.030000+00:00,DE,,mister-auto,5
"There was an issue on one item i ordered. I asked for an alternative and it was shipped at no extra charge.  Prices are always good. Customer care always responsive.  Highly recommend",stars-5.svg,2016-01-30 10:04:02.296000+00:00,DE,,mister-auto,5
all ok.........,stars-5.svg,2015-12-15 15:00:11.387000+00:00,DE,,mister-auto,5
Super. Ales gut.,stars-4.svg,2015-10-28 21:29:02.789000+00:00,DE,,mister-auto,4
Good service and price ! Will order again.,stars-5.svg,2015-10-13 12:19:26.501000+00:00,DE,,mister-auto,5
"Shipping price could be less on smaller items.Bring down shipping prices where possiable.",stars-3.svg,2015-10-01 07:44:08.755000+00:00,DE,,mister-auto,3
WHERE IS MY ORDER?,stars-1.svg,2015-06-20 14:18:48.977000+00:00,DE,,mister-auto,1
"I bought a set of braking discs which arrived damaged due to poor packaging and protection. After a complaint, with the picture of the damaged part which was btw. literally a broken place on the edge... See more",stars-1.svg,2026-02-07 11:17:35+00:00,,,atp-autoteile,1
"Shipping time a little long (order 28 Dec, received 16 Jan), but honestly announced and also due to the year end period peak of deliveries.
Annoying to see items removed from order (reimbursed!) and... See more",stars-4.svg,2026-01-17 11:21:04+00:00,,,atp-autoteile,4
"I purchased a Bosch battery for my vehicle, the order was shipped pretty quickly. Upon receiving the product it was a good shape and worked perfectly, I swapped the batteries and I'm very satisfied... See more",stars-5.svg,2023-11-10 15:42:13+00:00,,,atp-autoteile,5
"Have used ATP from Cyprus a few times now, Always an excellent service with good prices and quality merchandise. Parts always fitted our  litle Fiat 500 with no issues.",stars-5.svg,2023-07-27 12:55:40+00:00,,,atp-autoteile,5
"I bought a set of braking discs which arrived damaged due to poor packaging and protection. After a complaint, with the picture of the damaged part which was btw. literally a broken place on the edge of discs, they propose a 10€ discount with instructions that the discs are good to be installed. I returned the complete shipment.",stars-1.svg,2026-02-07 11:17:35+00:00,DE,,atp-autoteile,1
"Shipping time a little long (order 28 Dec, received 16 Jan), but honestly announced and also due to the year end period peak of deliveries.Annoying to see items removed from order (reimbursed!) and simply not shipped because of ""unavailability"". 5 stars for price, mega competitive.",stars-4.svg,2026-01-17 11:21:04+00:00,IT,,atp-autoteile,4
"do NOT buy from this website!first order went well.second order was canceled the day it was supposed to be delivered (they never shipped it).they then tried to justify it as my address was not valid for delivery (it was the same addres i used for the first order which went all good).They also did NOT refund the amount. I had to apply for the PayPal purchase protection service, and it was refuned only after PayPal's intervention.I then re-ordered the same items and shipped them to a different address, all went good.Another time, I bought a thing on ebay and I didn't realize it was this same shop. It had a different name, but I ended up discovering it was them again.This time, again, they canceled the order for the same reason.",stars-1.svg,2025-12-18 17:20:39+00:00,IT,,atp-autoteile,1
"Review: I ordered and paid for a branded replacement part [Brand ordered], but in the package I found a product from a cheap, unknown brand. It's unacceptable to pay for premium quality and receive a low-end product. Furthermore, the packaging was inadequate, and the part had scratches. I will file an official complaint and will not purchase.",stars-1.svg,2025-12-18 13:55:46+00:00,IT,,atp-autoteile,1
"All good,superfast delivery to sweden i’m happy and will continue to buy parts from ATP",stars-5.svg,2025-10-26 18:52:23+00:00,SE,,atp-autoteile,5
Customer care is second to none,stars-5.svg,2025-10-03 10:32:19+00:00,MT,,atp-autoteile,5
"Easy shopping. One week delivery to Denmark, all went well.I did not need the items immidiately, and could have waited, for it all to arrive at one time, saving freight.",stars-5.svg,2025-09-11 18:29:27+00:00,DK,,atp-autoteile,5
Good service right prices.,stars-5.svg,2025-09-09 11:13:19+00:00,SE,,atp-autoteile,5
Excellent. Thanks 👍,stars-5.svg,2025-09-06 10:05:10+00:00,GB,,atp-autoteile,5
"Everything great, good prices, fast shipping. I only wish they stopped sending me reminders to rate them.",stars-5.svg,2025-08-02 10:25:54+00:00,HR,,atp-autoteile,5
"Delivery was on time, and the parts ordered were ""Super""!",stars-5.svg,2025-07-18 22:23:56+00:00,DE,,atp-autoteile,5
"Very correct, fast delivery, thank you",stars-5.svg,2025-07-12 11:59:29+00:00,GB,,atp-autoteile,5
Like always very fast delivery and good stuff!!!! Totally recommend,stars-5.svg,2025-05-17 15:33:04+00:00,CY,,atp-autoteile,5
Quick delivery. Nice.,stars-5.svg,2025-05-17 10:15:49+00:00,SE,,atp-autoteile,5
"FRAUD - BETRUG Even in Company-to-Company Relationshipsnever buy anything from this company BE WARNED . I bought, I paid, and so far I've never received the order or my money. A real company is quick to solve problems and contact the customer. Here I'm the only one who contacts them and I have to wait for them to reply when they do. The purchase made and payment transfer made on 3/2/2025 with confirmation of the parts, after paying the problems began, neither parts nor money. LIARS They only tell lies, first they didn't have a system and it would take some time for them to respond because they didn't know the status of the order. They said they couldn't send the parts until almost a month after paying, when they did they said the order had been cancelled for non-payment when payment had already been made in advance.  Communication with the customer who is a professional is ZERO, they don't care about anything or how much they project their customers Very bad service of the worst I have ever known in so many years in the automotive sector. Today 24/02/2025 I still don't know anything, if and when I'll get my money back. DISGRACEFUL!!!",stars-1.svg,2025-02-25 16:09:11+00:00,PT,,atp-autoteile,1
"very satisfied, can you please make it possible to change language on web site?annelin",stars-5.svg,2025-02-17 03:55:45+00:00,NO,,atp-autoteile,5
"I have ordered on 11.12.2024 and untill today the order was not even processed.Tried to call them, have been waiting 20 and 30 min in the call, NOBODY answers the phone. The worst handling I ever seen. They take the money and then nobody cares.",stars-1.svg,2024-12-16 17:11:12+00:00,DE,,atp-autoteile,1
"The order was shipped very quick,",stars-5.svg,2024-12-15 11:13:01+00:00,DE,"Hello Mihai, thanks for the comment! We’re so happy to hear that you’re enjoying your ATP experience. Best wishes, Max / ATP Customer Service",atp-autoteile,5
"I bought a package of link arms for Mazda 6 steering. The package never arrived. They said it had. Tracking showed it had. But it hadn't. A few days later, UPS called me to say it had been delivered to 49 Leyton Rd., London, E15 1QH. NOT my address for Kent. I told UPS to return it to ATP, as I didn't want it. eBay (order number 15-11928-47395) would not refund me because tracking incorrectly showed it as delivered ti me (though as stated it went to E15 1QH). So I asked AMEX to raise a case with the company. UPS tracking shows the package is being returned to ATP, but they sent me a bill for the parts!!!!I have now received an invoice and a threat of legal action if I don't pay ATP. I did not receive the item from ATP. I will not pay the invoice to ATPI will wait for the UK court letter and see them in the small claims court. Then I will sue them.Complete and utter scam artists, and rude.",stars-1.svg,2024-11-29 01:08:28+00:00,GB,,atp-autoteile,1
"Very bad service and disappointed,I pay 155,88€ and package come damage oil was full leaking out of box , i missed my service center appointment and i report for damage claim no one reply and after 4 days 1 email we can only refund you. I will not recommend this company to anyone . Zero customer service, Ich habe 155,88 € bezahlt und das Paket wurde beschädigt, Öl lief aus der Verpackung, ich habe meinen Termin im Servicecenter verpasst und melde den Schadensanspruch, niemand antwortet und nach 4 Tagen 1 E-Mail können wir Ihnen nur das Geld zurückerstatten. Ich werde diese Firma niemandem empfehlen. Null Kundenservice,",stars-1.svg,2024-11-19 13:59:16+00:00,DE,,atp-autoteile,1
"Available products, good price, fast delivery.",stars-5.svg,2024-11-18 12:49:35+00:00,DE,"Hello, thanks for the review! We’re thrilled to hear you’re enjoying our services. Best wishes, Max / ATP Customer Service",atp-autoteile,5
Reply from ATP Autoteile,stars-5.svg,2024-11-05 18:06:45+00:00,NL,"Hello Richard, thanks for the comment! We’re so happy to hear that you’re enjoying your ATP experience. Best wishes, Max / ATP Customer Service",atp-autoteile,5
"Quick delivery, great price for the parts I required. Their brand of wiper blades worked really well compared to some brand names that dont deliver.",stars-5.svg,2024-09-15 10:41:05+00:00,DE,"Hello, thanks for the comment! We’re so happy to hear that you’re enjoying your ATP experience. Best wishes, Max / ATP Customer Service",atp-autoteile,5
"Good prices on some poroducts, A bit long delivery time to Sweden and lock of communication, I did not receive any tracking No. which could help me to plan the job.",stars-4.svg,2024-09-12 14:49:09+00:00,SE,"Hello Max, thanks for the review! We’re thrilled to hear you’re enjoying our services. Best wishes,",atp-autoteile,4
Very good prices and fast shipping well recomended,stars-5.svg,2024-09-11 10:14:27+00:00,SE,"Hello George, thanks for the review! We’re thrilled to hear you’re enjoying our services. Best wishes, Max / ATP Customer Service",atp-autoteile,5
"All time have problems with shipping. Have ordered spring 2 times and never got it. First time lost spring in the delivering. Second time have pronounced isn’t correct address. Bed service, nobody can speak English.",stars-1.svg,2024-07-21 15:00:09+00:00,DK,,atp-autoteile,1
"Few months ago I purchased a product on eBay from ATP Autotelie, now it broke because of a clear defect (it broke in two parts), and due to its breakage I was close to get my car engine completely burned. I had to spend more money to replace the defective product on an emergency basis, with a lot of time waste.Not even three months were passed, so the product was and still is under purchase warranty coverage, which is defined by the UE Council directive 85/374/CEE of 25th July 1985.However, ATP Autotelie has blocked all ways to contact them or rise any kind of issue.Therefore, I tried try to assert my customer rights through the PayPal claiming system, but the seller invented the excuse that somehow I “altered” the product, which is clearly false and can be easily verified from the picture I sent them. Anyway, PayPal decided to support the fraud and rejected my claim.The matter does not end here, I am reporting what happened (all of which can be proven with documentation in hand) first here on TrustPilot, and then I am turning to a consumer defense association to take legal action, not only against the seller but also against PayPal.This is not so much for an economic problem, but because people cannot be defrauded in this way, it is a question of principle and a question of law, both national and European community laws.**** Update ****After the review was published on TrustPilot, I was contacted by ATP Autoteile, unlocking the possibility to message them on eBay messaging system (but why it was blocked, nobody said).They behaved like they didn't know anything about the claim, that looks quite suspicious to me: did eBay arbitrarily take the initiative to reject my complaint without even informing the seller and without any reasoning? Let's take this as the truth, since the level of eBay service is so poor that can actually arrive at this point.After this, they formally apologized (formally) and accepted to refund the faulty product (except shipping costs), without wanting the broken product back. Then. we had days and days of endless email exchange to undergo the steps of the refund process, several their emails were also sent me twice from different email address. If I could count all the time I lost to reply and send all the information they asked, probably I had to receive three-four times the due amount, but probably this was exactly the idea under such behavior.Obviously I just received the refund of the faulty product (except shipping costs), that is already a huge step on towards the right direction, but the experience was so frustrating that I cannot avoid helping others to avoid my same mistake.",stars-2.svg,2024-08-13 14:31:11+00:00,IT,,atp-autoteile,2
I’m very happy with the items It’s fits perfectly.I’m recommending this shop for everyone Delivery was fastGood service 😊👍Thanks very much 🙏,stars-5.svg,2024-07-11 11:53:18+00:00,IE,"Hello, thanks for the comment! We’re so happy to hear that you’re enjoying your ATP experience. Best wishes, Max / ATP Customer Service",atp-autoteile,5
"Fraudolent website. I made a wrong order and cancelled it through their contact mail only few hours later. My cancellation and all my mails were ignored by customer service, for days. The payment was withdrawn despite cancellation mail, and the good was sent afterward, even thought it is not compatible with my car and, since I am travelling, I will not be able to collect it. It is indeed a fraud. The order was made and cancelled the 8th of July,  and registered the 10th, of July.They only answered 2 days later, stating the order could not be cancelled because the good was sent.Avoid this website in anyway. There is no guarantee of having basic customer rights respected.",stars-1.svg,2024-07-10 16:29:03+00:00,IT,,atp-autoteile,1
"One of the worst experience I had with buying online.They did put myself and my family in danger because I have been waiting for about 3 weeks to received my new brakes that I ordered.Their customer service is non-existent, no wonder why it is impossible to contact them by phone...They advertise good price but they don't deliver.WALK AWAY",stars-1.svg,2024-07-03 12:30:15+00:00,FR,,atp-autoteile,1
SCAM ARTIST!! Sent me the wrong part and refused to issue me a full refund that included the tax I paid and ignored me when I question why the tax wasn't refunded. They now have a brand new part and £16 to go with it. Terrible company with very bad customer support!,stars-1.svg,2024-06-30 17:23:22+00:00,GB,,atp-autoteile,1
Very unprofessional bad customer service sent faulty goods refused to refund me been on going for months £200 out of pocket! Avoid these people at all costs,stars-1.svg,2024-06-30 10:19:14+00:00,GB,,atp-autoteile,1
"Hello, i didnt get my car part , i need refund for this order 120-2411151193My ATP customer number9-14680618",stars-5.svg,2024-06-22 09:02:29+00:00,RO,"Hi Balan, thank you for your comment and your feedback. We are sorry for your experience with your purchase. For reaching our goal in static improving, it would be very helpful if you sent us every detail via email: hilfe@atp-autoteile.de. Best, Max / ATP Customer Service",atp-autoteile,5
"I have bought a Honda distributor model TD42U and after 6 months start to turning on the engine lights + engine failures with RPM below 3.000After contact ATP they said that it's not the part problem.Please avoid buy Distributor because all parts are made with bad quality. After some months, it will start make a lot of issues on the engine.By OEM directly and avoid lose money/time.As this complain will not solve the problem. I will just leave my feedback to the product and to the company.Reply:26/06/2024 > I understand you explained but the distributor itself if bad/poor quality. Right after the warranty over the distributor get a lot of problems. So the part itself is extremely bad. This was inspect buy Honda and Bosch so there is no mistake.",stars-1.svg,2024-06-26 12:02:46+00:00,PT,"Hello Luiz, thank you for your feedback. We would like to sincerely apologize for any inconvenience caused. However, everything has already been explained to you in detail by email. Best regards, Max / ATP customer service",atp-autoteile,1
"Fair prices, Fast delivery",stars-5.svg,2024-06-16 10:27:37+00:00,SE,"Hello Max, thanks for the comment! We’re so happy to hear that you’re enjoying your ATP experience. Best wishes, Max / ATP Customer Service",atp-autoteile,5
"A part was bought through their portal that should have been compatible with my vehicle, all verified through their website.The part is not compatible with my vehicle. The part was sent back to them for ""further inspection"" although there is little to inspect. The part is a working part but compatible with another engine year.Have not heard back from them for weeks after the part was received by them and a refund was requested. No answers to emails either.I will add this was an engine part, so the engine was taken apart twice because of their error.",stars-1.svg,2024-06-07 13:42:49+00:00,IT,,atp-autoteile,1
"I ordered a steering damper from this website, and within a month, it completely broke. When I contacted customer service, they accused me of making a false claim and refused to replace or refund the item. This has been the worst customer service experience I've ever had with an auto parts company.",stars-1.svg,2024-05-15 21:06:58+00:00,FR,"Hello Nicolas, thank you for your feedback. We apologize for any inconvenience caused. Everything has already been explained to you by email. Best, Max / ATP Customer Service",atp-autoteile,1
Reply from ATP Autoteile,stars-5.svg,2024-05-15 05:56:00+00:00,BG,"Hallo Anton, tausend Dank für die 5 Sterne-Bewertung! Wir danken Dir für Deine Treue und würden uns sehr freuen, Dich noch viele weitere Jahre an unserer Seite zu haben! Beste Grüße Max / ATP-Kundenbetreuung",atp-autoteile,5
Easy ordering and fast delivery. Great!Great to find parts that are not easy available.,stars-5.svg,2024-05-10 10:12:20+00:00,SE,"Hello Ralph, thanks for the comment! We’re so happy to hear that you’re enjoying your ATP experience. Best wishes, Max / ATP Customer Service",atp-autoteile,5
"Hello,didn't recieve item from the order and no body is answering about my issue.",stars-1.svg,2024-04-29 11:01:53+00:00,HR,"Hi Rude, thank you very much for your feedback. We apologize for any inconvenience caused. Please send your customer number and the document number to the following email address: hilfe@atp-autoteile.de. We will look into the matter as soon as we have received your customer data. Thank you very much! Best regards, Max / ATP Customer Service",atp-autoteile,1
"the only problem to object to is the rather long delivery time of the products, on the website they tell you that the delivery time is 3/5 delivery days from the payment of the products, slightly negative communication with the operator, otherwise excellent price/quality. Overall I am very pleased",stars-4.svg,2024-04-28 08:15:41+00:00,RO,"Hello dumitru, thank you for your feedback. We are pleased that you were overall satisfied with your order. As a customer-centric company, we strive to continually advance and optimize our processes. We are very grateful for constructive criticism and suggestions. These are incorporated into our considerations and are the driver for innovations and improvements. Thank you for supporting us in this! Best regards Max / ATP Customer Care",atp-autoteile,4
Top!!!!! 5 Sterne!!,stars-5.svg,2024-04-16 07:58:18+00:00,DE,"Hallo, tausend Dank für die 5 Sterne-Bewertung! Wir danken Dir für Deine Treue und würden uns sehr freuen, Dich noch viele weitere Jahre an unserer Seite zu haben! Beste Grüße Max / ATP-Kundenbetreuung",atp-autoteile,5
The service I received was really fast and the presentation of the products was very good.And even the Price of the products was very good.All in all a very good reputation.Good job at all.,stars-5.svg,2024-03-23 13:59:57+00:00,DE,"Hi Karsten, thank you for taking the time to review us. We’re glad you enjoyed your experience with us. Kind regards, Max / ATP Customer Service",atp-autoteile,5
"contacted support straight after shiping and told me it was shipped already but no tracking or anything, just wanted to remove 2 items i pay and add 1 art number  40754603and wanted to add ATP-Artikel-Nr.: 31417285 but completely unhelpfulon order it say some items will be available for shipment Versand am 16. März so i see a big problem with directly saying to me something not possible to add or remove.very unhappy with the service provided",stars-1.svg,2024-03-12 13:08:39+00:00,HR,,atp-autoteile,1
Good communication when I needed help and advice.,stars-5.svg,2024-03-08 16:33:45+00:00,IE,"Hello Denis, thanks for the comment! We’re so happy to hear that you’re enjoying your ATP experience. Best wishes, Max / ATP Customer Service",atp-autoteile,5
Immerwieder gut. 👍,stars-5.svg,2024-01-10 11:07:02+00:00,DE,"Hallo Daniel, tausend Dank für die 5 Sterne-Bewertung! Wir danken Dir für Deine Treue und würden uns sehr freuen, Dich noch viele weitere Jahre an unserer Seite zu haben! Beste Grüße Max / ATP-Kundenbetreuung",atp-autoteile,5
"Totally delighted with the prices of the items i purchased, 100% customer service and most of all the quality of service and shipping to Ireland.",stars-5.svg,2023-12-27 10:24:46+00:00,IE,"Hello, thanks for the comment! We’re so happy to hear that you’re enjoying your ATP experience. Best wishes, Max / ATP Customer Service",atp-autoteile,5
Reply from ATP Autoteile,stars-5.svg,2023-12-18 10:56:56+00:00,DE,"Hallo, tausend Dank für die 5 Sterne-Bewertung! Wir danken Dir für Deine Treue und würden uns sehr freuen, Dich noch viele weitere Jahre an unserer Seite zu haben! Beste Grüße Max / ATP-Kundenbetreuung",atp-autoteile,5
"Order 110-2312138750 from 13.11.2023 We have order 3 x 40579924 , but received only 2 sets! You said there was no problem... Yes may be for you is it not a problem to lost 81,42 €, but for us it is VERY BIG PROBLEM!  Also we wrote you about order from 19.09.2023 , we did not receive article 31469471 which is another 95,66 € . So until now we have lost 177.11 EURO FOR NON DELIVERED ITEMS FROM YOU!",stars-1.svg,2023-12-07 12:58:48+00:00,BG,"Hi, thank you very much for your feedback. We apologize for any inconvenience caused. Please send your customer number and the document number to the following email address: hilfe@atp-autoteile.de. We will look into the matter as soon as we have received your customer data. Thank you very much! Best regards, Max / ATP Customer Service",atp-autoteile,1
"I ordered a car part from them.The price was lower than with competitors, the order process was really easy, and the shipping was fast. I would order from them again.",stars-5.svg,2023-11-14 11:04:48+00:00,DE,"Hi Juan, thank you for taking the time to review us. We’re glad you enjoyed your experience with us. Kind regards, Max / ATP Customer Service",atp-autoteile,5
"I purchased a Bosch battery for my vehicle, the order was shipped pretty quickly. Upon receiving the product it was a good shape and worked perfectly, I swapped the batteries and I'm very satisfied with the new one!Only issue I encountered was the delivery method, they used DPD and they weren't able to enter the gated community so it took two attempts. Recommendation to company, use other delivery services, I wouldn't mind paying for the shipment knowing that there will be no issue.",stars-5.svg,2023-11-10 15:42:13+00:00,DE,"Hi Isaac, thank you for taking the time to review us. We’re glad you enjoyed your experience with us. Kind regards, Max / ATP Customer Service",atp-autoteile,5
My experience with your shop was excellent!But the experience with Thule easyfold xt2 trying to attach it on the tow ball was a nightmare 🥵,stars-5.svg,2023-11-07 11:13:36+00:00,GR,"Hi Dimitrios, thank you very much for getting in touch. Happy to be of service and all the best on the road. Kind regards, Max / ATP Customer Service",atp-autoteile,5
Perfect parts! Good prices! Fast delivery!,stars-5.svg,2023-11-03 11:08:04+00:00,SE,"Hello Niklas, thanks for the comment! We’re so happy to hear that you’re enjoying your ATP experience. Best wishes, Max / ATP Customer Service",atp-autoteile,5
"Good quality parts and pretty fast shipping. But packing is really bad, often packages comes broken and have happened parts are missing becuse of that.",stars-4.svg,2023-08-22 10:06:54+00:00,SE,"Hi Andreas, thank you for taking the time to review us. We’re glad you enjoyed your experience with us. Kind regards, Max / ATP Customer Service",atp-autoteile,4
"Have used ATP from Cyprus a few times now, Always an excellent service with good prices and quality merchandise. Parts always fitted our  litle Fiat 500 with no issues.",stars-5.svg,2023-07-27 12:55:40+00:00,GB,"Hello Ray, thanks for the comment! We’re so happy to hear that you’re enjoying your ATP experience. Best wishes, Max / ATP Customer Service",atp-autoteile,5
Reply from ATP Autoteile,stars-5.svg,2023-06-14 15:27:38+00:00,DE,"Hallo Michael, wir freuen uns zu lesen, dass Du mit unseren Leistungen zufrieden bist! Wir würden Dich auch zukünftig sehr gerne in unserem Shop begrüßen, um Dir dabei helfen zu dürfen, Dein Auto in Schuss zu halten. Beste Grüße Max / ATP-Kundenbetreuung",atp-autoteile,5
Everything as expected.,stars-5.svg,2023-06-07 10:11:31+00:00,NL,"Hello Leon, thanks for the comment! We’re so happy to hear that you’re enjoying your ATP experience. Best wishes, Max / ATP Customer Service",atp-autoteile,5
"Well , what can I say ? I expected far better service from a German company , than to just be ignored regarding a promised refund for a failed alternator....The height of bad manners and clearly hoping I will just ' Go away ' ....For those of you that have had good service , you're  very , very lucky ..",stars-1.svg,2023-03-21 00:24:40+00:00,GB,"Hi Hugh, we apologize for any inconvenience caused. Please send your customer number and the document number to the following email address: hilfe@atp-autoteile.de. We will look into the matter as soon as we have received your customer data. Thank you very much and kind regards, Max / ATP Customer Service",atp-autoteile,1
"When package arrived one part was damaged, it took over 2 days to get an answer from them. After one week they finaly send me a new part. But When it arrive it was not a skf wheel bearing like that i have ordered in the first place, but a cheaper AIC bearing. So now 2 weeks later they want me to ship the wheel bearing back so i Can get the refund istead.",stars-1.svg,2023-03-11 12:11:57+00:00,DK,"Hi Henrik, we apologize for any inconvenience caused. Please send your customer number and the document number to the following email address: hilfe@atp-autoteile.de. We will look into the matter as soon as we have received your customer data. Thank you very much and kind regards, Max / ATP Customer Service",atp-autoteile,1
Reply from ATP Autoteile,stars-5.svg,2023-02-22 15:10:31+00:00,DE,"Hello Aksel, thanks for the comment! We're so happy to hear that you're enjoying your ATP experience. Best wishes, Max / ATP Customer Service",atp-autoteile,5
"Business transparency and honesty.Order was placed 7/12/2022, 3 items, all in stock. Each item got DHL individual shipping number 1/11 package arrived Monday 12/12/20222 remaining package Status today 22/12/2022+ ATP customer service should be honest and inform the truth.DHL Tracking Data:Thu, 22.12.2022, 2:18 am, Neumunster, GermanyThe international shipment has been handed over to DHL and is being prepared for onward transport to the destination country/area.Wed, 21.12.2022, 00:18, GermanyThe international shipment has been handed over to DHL and is being prepared for onward transport to the destination country/area.Tue, 20.12.2022, 00:05, Neumünster, GermanyThe international shipment has been handed over to DHL and is being prepared for onward transport to the destination country/area.Mon, December 19, 2022, 1:40 am, GermanyThe international shipment has been handed over to DHL and is being prepared for onward transport to the destination country/area.Thu, 15.12.2022, 04:44, Neumünster, GermanyThe international shipment has been handed over to DHL and is being prepared for onward transport to the destination country/area.Thu, 08.12.2022, 21:21, GermanyThe international shipment has been handed over to DHL and is being prepared for onward transport to the destination country/area.Wed, 12/07/2022, 10:01 amThe broadcast was announced electronically. As soon as the shipment has been processed by us, you will receive further information.Should I cancel the order?",stars-1.svg,2022-12-22 11:37:27+00:00,DK,,atp-autoteile,1
Fast delivery to Bulgaria. Everything is OK.,stars-5.svg,2022-11-29 15:08:34+00:00,BG,"Hello Stefan, thanks for the comment! We're so happy to hear that you're enjoying your ATP experience. Best wishes, Walter / ATP Customer Service",atp-autoteile,5
"I ordered two new rear driveshafts for my 2005 BMW X5 e53, 3.0D. The ATP Autoteile website was the only one that made a clear distinction between the driveshafts for the manual version and/or the automatic/steptronic version of the BMW e53 (there is a small difference in lenght of the driveshafts).  The products ordered where exactly as described on the website, dispatch was fast and efficient and delivery flawless.  Deutsche Gründlichkeit and Deutsche Pünktlichkeit all the way through.  Five stars well deserved and seller hightly recommended.",stars-5.svg,2022-11-22 17:01:14+00:00,CY,"Hello Bruno, thanks for the comment! We're so happy to hear that you're enjoying your ATP experience. Best wishes, Walter / ATP Customer Service",atp-autoteile,5
"Great communication over e-mail, VIN check so the parts fit the vehicle, quick delivery.",stars-5.svg,2022-11-08 13:12:29+00:00,SI,"Hello, thanks for the review! We're thrilled to hear you're enjoying our services. Best wishes, Max / ATP Customer Service",atp-autoteile,5
Empty box arrived by ups today 9th/8/2022 2nd attempt purchased from ATP even driver said its very light 2 suspension torsion bars were ordered. Package said 5kg weight.so we have not opened it and weighed it.Scam always pay with PayPal as i did. Other unfortunate people who haven't report them,stars-1.svg,2022-08-09 17:30:20+00:00,GB,"Hello stevens, thank you for rating us. We are sorry that there were problems with your order. Because we want to provide comprehensive customer service at all times, we will take care of your case immediately. A responsible clerk will contact you as soon as possible. Please send us your customer and receipt number to hilfe@atp-autoteile.de. We apologize for the inconvenience. Best regards, Max / ATP Customer Care",atp-autoteile,1
"You cannot communicate with them. I'd like to know more about my order, which is not shipped yet and want info regarding when it will be shipped. Nobody will answer the phone or mail you back. I've sent multiple mails and tried calling multiple times where nobody picks up the phone (I waited long on the phone, 15+ minutes, you only hear an annoying song and the same reference to their e-mail). My worst experience with a webshop, don't recommend.",stars-1.svg,2022-06-22 12:08:12+00:00,NL,"Hello Alex, thank you for your review. A late delivery should not be a matter of course, we would like to apologize for this inconvenience. Orders received by us are processed immediately and should be delivered within the period we have promised. Unfortunately, due to high demand for one or more items, in rare cases there may be a brief delay in delivery. The order has been sent to you in the meantime. We have sent you further information on this separately to your private e-mail address. Best regards, Max / ATP Customer Care",atp-autoteile,1
Reply from ATP Autoteile,stars-5.svg,2022-06-06 21:14:17+00:00,DK,"Hallo Aleksander, wir freuen uns zu lesen, dass du mit unseren Leistungen zufrieden bist. Wir hoffen dir auch in Zukunft dabei behilflich sein zu dürfen, dein Auto stets in Schuss zu halten. Viele Grüße, Max / ATP-Kundenbetreuung",atp-autoteile,5
With this order I was absolutely NOT happy. Part which costed me 240 euros you packed only in a thin foil so when it arrived by me it had so many scratches... had to invest time and more money to fix it.... if I buy new part then I dont expect to invest more time and money to repair it....very dissapointing and honestly I will think twice before i buy something by you again.,stars-1.svg,2022-05-20 17:29:23+00:00,DE,"Hi, thanks for your comment. We're sorry to hear about your experience. Would you mind emailing hilfe@atp-autoteile.de with a full report on your experience and we'll look into this. Kind regards, Mario / ATP Customer Service",atp-autoteile,1
Comprehensive range available from stock or order. Delivery was fast and well packed. Online order was clear and simple. Price was unbeatable. Recommended,stars-5.svg,2022-02-09 16:32:00+00:00,GB,"Hello, thanks for the comment! We're so happy to hear that you're enjoying your ATP experience. Best wishes, Max / ATP Customer Service",atp-autoteile,5
"Quality products competitive pricing, very fast delivery . Thanks!",stars-5.svg,2021-10-18 18:22:07+00:00,DE,"Hello Klaus, thanks for the comment! We're so happy to hear that you're enjoying your ATP experience. Best wishes, Max/ ATP Customer Service",atp-autoteile,5
"Horrible experience with this online shop, would recommend everybody to stay far away from them. They have no idea what they are doing. Ordered car parts 2 months ago and I still did not get my order or all my money back. Somehow they decided to split my order into 6 packages and not to put any documentation with the packages. As a seller with international shipping, they should know that the receipt has to follow with the package. Even when I asked them to send me 6 receipts for 6 packages per email, they did not know how to do that. Without the proper documentation, the packages could not be imported and I could not pick them up. Had to wait until everything has been returned to seller and then they decide to refund me. But not in a single payment as I paid them. Till now I received 6 payments back and they still owe me around 15% (~110€) of what I paid them. Customer service takes couple days to reply to each emailI will not stop just on this review. YOU SHOULD NOT TAKE MONEY FROM PEOPLE IF YOU DON'T KNOW HOW TO DO YOUR JOB",stars-1.svg,2021-08-27 05:03:35+00:00,NO,"Hello Acid Rain, thanks for taking the time to review us. We’re sorry to hear about your experience. We’d love to speak to you in more detail about this. Could you please email hilfe@atp-autoteile.de? Kind regards, Mario / ATP Customer Service",atp-autoteile,1
"Purchased goods worth £350 after chasing, item has not been despatched. Despite the prompt payment, the seller said that it was not received. Escalated to eBay which confirmed everything is paid for. I've sent proof of purchase and they came back saying that will cancel the order due to UK import tax. Now telling me that I need to wait for my refund for two weeks as the case against was open on eBay and Paypal. true is the case will be closed once refund gets issued.EDIT after reply : Received on 23 June. ""Dear customer,thank you for the message.We have checked the information and can confirm that we have cancelled your order. The amount will automatically be transferred back to your account using the same payment method.""How on earth I would trust you again and freeze more cash. Order still not cancelled on eBay after nearly two weeks of receiving the above message. Please don't play with me like a dumb. You did also ignore PayPal Resolution Centre request to provide more information what's going on. You could resolve the matter in minutes responding in the resolution centre that you are happy to issue the refund however you preferred to complicate things... another reason for others to stay away.",stars-1.svg,2021-07-05 10:05:18+00:00,GB,"Hello Bartosz, thank you for your feedback and the fast answer. Unfortunately we were not able to deliver your order, because it is over the customs limit of 135,00 GBP. My colleagues told you, you should split your order in a few smaller orders, but you didn´t do this. The money transfer will take place over ebay, where you have opened a payment dispute, which is actually in the decision at ebay. After the decision is made through ebay, you will receive your money immediately. Please apologize the inconveniences. Kind regards, Mario / ATP Customer Service",atp-autoteile,1
I’ve bought numerous parts for my ongoing Mk2 Astra / Opel Kadett van restoration from ATP and find the service is better than you can get from retailers in Britain. Super prices and fast shipping. It’s the first place I look for anything I need.,stars-5.svg,2021-06-09 05:01:17+00:00,GB,"Hello Mr McNeice, we are happy to read that you are satisfied with our services. We hope to be able to help you in the future to keep your car in good shape at all times. Kind regards, Mario / ATP Customer Support",atp-autoteile,5
"Best price, fast shipping and good quality. Thanks.",stars-5.svg,2020-10-19 17:32:46+00:00,DE,"Hi Aurelia, thank you for taking the time to review us. We’re glad you enjoyed your experience with us. Kind regards, Mario / ATP Customer Service",atp-autoteile,5
Reply from ATP Autoteile,stars-5.svg,2020-08-07 07:04:30+00:00,DE,"Hallo Jasmin, wir danken dir für deine freundliche Bewertung. Da uns die Zufriedenheit unserer Kunden besonders am Herzen liegt, freuen wir uns, dass wir dich mit unseren Produkten begeistern konnten. Wir hoffen, dass wir dich auch weiterhin als Kunde/Kundin bei uns begrüßen dürfen. Viele Grüße, Mario / ATP-Kundenbetreuung",atp-autoteile,5
Reply from ATP Autoteile,stars-5.svg,2020-06-29 10:10:00+00:00,DE,"Hallo Nikolaj, wir sagen herzlichen Dank für das tolle Feedback. Das bestärkt uns darin, jeden Tag noch härter zu arbeiten, um unsere Leistungen stetig zu verbessern. Viele Grüße, Mario / ATP-Kundenbetreuung",atp-autoteile,5
one shock absorbed leaking after only one year done only 3000 miles very disappointed.ATP Autoteile contacted me and with in a week they sent me a new one good German company Thank you.,stars-5.svg,2020-06-09 13:48:43+00:00,GB,"Hi Graham, thank you for your feedback. Please accept our apologies for the experience with the recent purchase. We clearly fell below our promised standards. We are very sorry about that. We have sent you further information to your private email address. Best wishes, Mario / ATP Customer Service",atp-autoteile,5
I have bought many things for my car I recomend all people to buy from this site.ATP AUTOTEILE is the best,stars-5.svg,2020-05-27 20:24:58+00:00,DE,"Hi Khalid, thank you for taking the time to review us. We’re glad you enjoyed your experience with us. Kind regards, Mario / ATP Customer Service",atp-autoteile,5
Top.........,stars-5.svg,2020-05-19 19:08:29+00:00,DE,"Hallo Jasko, vielen Dank für die 5-Sterne-Bewertung. Es freut uns sehr, dass Du bisher mit allem zufrieden warst und würden uns freuen, Dich auch bald wieder als Kunden begrüßen zu dürfen. Viele Grüße, Mario / ATP-Kundenbetreuung",atp-autoteile,5
"Your typical shady online retailer. Good prices, fast delivery as long as there's no problem, ordered quite a few things but never more. That's when they show their true morale. I'll edit this when I have the time, but in short: They will go through some lengths to save pennies (wrongly) and don't mind breaking written agreements to do so, even when they mess up in several ways on the same deliviery (deliberately ignoring cruicial emails, loosing the package, sending the wrong shock absorber packed in beat up/ducktaped box for the right one, promising free deliviery for all the mess but backing from that promise in the end when they once again mess up). When they see it's a never ending story (completely their own fault), they decided it'll probably cost to much to honor the agreement (despite me spending hundreds of euro for a lot of parts in the same order)  and just back away leaving me stranded witouth the most cruicial part, one out of four shock absorbers. The ""customer service"" is a joke, they have no feeling for right and wrong and will never go outside the manuscript, regardless if they messed up completely and put a customer in a seriously bad situation. Even the people in charge of customer service totaly lacks basic knowledge or just don't care.Will be posting the email conversations when I have the time so everyone can read it and weep. More than 70 emails back and forth over the course of almost 3 months to deal with the whole shitstorm with a bad ending (yeah, that's right) so will pack it up nicely.Stay away, trust me. Truly, truly horrible organisation.EDITReply to ATP:s reply: Yes, you refunded me the for the ""second"" shipping cost because you should have added that item in the forst order, you lost my order, it was greatly delayedand you sent me the wrong item in an opened and beat up box. So I have paid ONE shipping cost already according to our agreement, but still not recieved the item you agreed to send free of shipping.When you sent me the wrong shockabsorber in a opened and beat up box, which I sent back to you, you only refunded the shockabsorber and you refuse to send me a new one without me paying for the shipping cost again!Maybe it's easier to understand if I put it like this:1. First order. Lost, delayed and wrongly handled. Shipping paid.2. Second order. The item that should have been added to the first one (plus I added a bunch of other things=more money for you). Shipping cost paid again, and for the item of course.3. ONE shipping cost refunded according to agreement. (1 of 2 shipping costs paid)4. Wrong item recieved and returned.5. Wrong item refunded only. (Back at square one, with me missing an item that should have been sent in the first order.)6. You refuse to send a new one for some absurd reason, even though you have sent me the wrong one. Only reply is to place a new order and pay for shipping AGAIN.Do you still not understand?!",stars-1.svg,2020-05-24 13:16:46+00:00,SE,"Hello RK, thank you for your feedback. First of all let me apologize for the inconviences caused. I saw in our system, that the 21,95 Euro shipping costs and 47,26 Euro for one shock absorber has been refunded to your PayPal account already.  I would like to solve the problem together with you, so please write an e-mail with the information what´s missing to hilfe@atp-autoteile.de and I will take care of your matter immediately. Thank you in advance. Kind regards, Mario / ATP Customer Service",atp-autoteile,1
"Absolutely brilliant auto parts service, with a mind-boggling array of parts, nearly always sent next day. Returns are generally handled no questions asked too.",stars-5.svg,2020-04-10 06:58:44+00:00,DE,"Hi Neil, thank you very much for getting in touch. Happy to be of service and all the best on the road. Kind regards, Mario / ATP Customer Service",atp-autoteile,5
"I had a hardware fitting problem, this was rectified at NO extracharge.He"" went the exta mile"" for us ! First class service",stars-5.svg,2020-03-17 19:08:09+00:00,DE,"Hello William, thank you for taking the time to review us. We’re glad you enjoyed your experience with us. Kind regards, Mario / ATP Customer Service",atp-autoteile,5
HelloThe best place to buy auto parts fromRegardsBrianFrom Denmark,stars-5.svg,2020-03-01 20:34:33+00:00,DK,"Hello Brian, thanks for your comment. We're so happy to hear that you're enjoying your ATP experience. Kind regards, Mario / ATP Customer Service",atp-autoteile,5
I have requested the opening of a customer account since December 2019. Unfortunately it is not ready yet. The store's interface should be more user-friendly and from other countries. Remaining all this problem: Files has still been checked,stars-4.svg,2020-02-24 19:39:44+00:00,RO,"Hello Sas, thank you for your feedback. As a customer-oriented company, your satisfaction is very important to us. We are therefore very sorry that we have not fully met your requirements. Of course we will take care of your problems and forward your case to the responsible department. Please send us your customer and voucher number to hilfe@atp-autoteile.de. Thanks for your help. Best regards, Mario / ATP customer support",atp-autoteile,4
"I send parts back to them,after 2 months they dont pay money back.I will go to police report fraud.",stars-1.svg,2020-02-12 16:27:18+00:00,DE,"Hello Bruno, thank you for the new feedback. I´ve checked your matter. Due to a system error the credit notes could not be created. But now the credit notes were created yesterday and the money will be refunded to your PayPal account within the next days. Please apologize the inconveniences. Best regards, Mario / ATP Customer Service",atp-autoteile,1
"What a great service. Was in doubt originally, but at the end received great parts, superbly packed, fantastic price and across the globe to Australia in only 8 days. I have also received refund for cheaper postage. Thank you very much guys, would come back again. Bought Monroe shock absorbers x 2",stars-5.svg,2019-12-16 07:24:02+00:00,AU,,atp-autoteile,5
"Top product, reasonable shipping costs. Perfekt deliverd to Norway.",stars-5.svg,2019-11-14 19:29:49+00:00,NO,,atp-autoteile,5
"***UPDATE*** company refunded cost of parts following this review.  A bit of a hassle unfortunately and I still had to cover the cost of replacing failed part and shock absorber as a result, so still cost me! ***  Rear Coil Springs:  Buyer beware!!!!   Bought these parts as they had a 3 year warranty - Failed within 12 months, unable to contact the company for replacement parts through Ebay as not accepting contact through normal channels.  Had to purchase replacements from another source and pay mechanic to remove broken parts and also replace shock absorber as that had failed as a result of the broken coil spring!  Ended up paying out money twice to have parts fitted a 2 consecutive MOT's.  Now they will not refund cash under warranty and will only send replacement parts, which would have been OK had they been contactable initially.  Would definitely not recommend based on my current experiences trying to resolve this issue.  Sub standard, dangerous parts, never heard of rear coils spring failing in less than 12 months and under 7000 miles!!!!  Buyer beware!!!!UPDATE FOR MARIO : Ebay Item number 372023842858 / WARRANTY CLAIM KD 10113951 (Ticket: ATP-001-25468061)",stars-1.svg,2019-11-26 06:59:06+00:00,GB,"Hello James, thank you very much for the recension and the fast reply. I´ve created your credit note a few minutes ago, so the amount for the springs will be refunded to your paypal account within the next days. Please apologize the inconveniences.. Thank you and best regards, Mario / ATP Customer Service",atp-autoteile,1
"Keep away from this seller, they sell low cost china stuff without waranty.Borght standard turbo charger for a standard wv 1.4 tsi. Last one week then turbo booster Valve melted Total inside. ATP wont replace it. My advise again dont buy from this seller, they Dont accept normal european customer rulles. Looks as a good deal but try calculate worktime to replace the low cost china stuff this is very expensive. Buy quality instead from a serius seller.Only buy from this seller if you dont need waranty and time is not an issue.",stars-1.svg,2019-10-04 13:22:41+00:00,DK,"Hello Kim, thank you for your feedback and the fast response. Please apologize the problems with the delivered turbo charger. I saw that my colleague Marina wrote you an e-mail today. She will talk to our team leader again to find a solution in your case. She will come back to you after she got an answer from her team leader. Please be patient until then. Best regards, Mario / ATP Customer Service",atp-autoteile,1
1A  TOP Danke .,stars-5.svg,2019-09-24 17:37:04+00:00,DE,,atp-autoteile,5
A+ super alles best,stars-5.svg,2019-09-15 13:54:54+00:00,HR,,atp-autoteile,5
By ebay you have more parts then on your official atp site,stars-5.svg,2019-09-10 17:11:50+00:00,NL,,atp-autoteile,5
"Worst ever webshop.! A lot of parts listed as in stock, sending in 1-2 days, are not in stock.! Clever way of using your clients money for improving your cashflow in your bank, and at the same time retaining your customer in the hope of getting the parts.I have done business with you for the last time.( The parts are still listed as in stock here some 14 days after )",stars-1.svg,2019-09-09 17:48:30+00:00,DK,"Hello Finn, thank you for your feedback. Unfortunately one of the parts you´ve ordered were sold out faster as we could change the status in our online shop and we had to re-order it from our supplier. That´s the reason why your delivery was delayed. I´m very sorry about the delay and hope that we can get another chance to prove again in future. Best regards, Mario / ATP Customer Service",atp-autoteile,1
Brilliant at being terrible. Took forever to receive a pair of headlights and when they turned up one was smashed as it hadn’t been protected properly and the other one was defective. Sent both back. 10 days after they had received the headlights I chased them up and they hadn’t sent them yet. 7 days later I receive 1 headlight... So 2 months after having paid for 2 headlights I’ve got 1 headlight in good condition and it’ll probably take another couple of weeks to get the other one. Let’s only hope that I don’t end up with two Right hand side headlights! 😅,stars-1.svg,2019-08-29 14:34:16+00:00,FR,"Hello George, thank you for your fast reply. I checked your issue once again and really need to excuse myself. The colleagues that took care of your case have overseen that you´ve returned both headlights. That´s why we´ve just sent one replacement part. I´ve corrected that mistake and sent the second one right away. It shall arrive at yours within the next 4-6 working days. If there are any further questions please contact us through hilfe@atp-autoteile.de. Once again I am very sorry for the problems caused. Kind regards, Mario / ATP Customer Service",atp-autoteile,1
In allen hinsichten top,stars-5.svg,2019-08-12 18:42:15+00:00,DE,,atp-autoteile,5
"Worst shop I ever experienced online. I bought an Exhaust from them early June through EBAY, after receiving the confirmation and expecting it to fix my car, the item was dispatched and end up returning due to an address issue (even with my correct address on EBAY)  after the piece went back to them, delaying my car fix and leaving me using buses for 2 weeks they wanted to wait for the part to return in order to send me a new one. After much insist and emailing every possible email I found, I got a new part to be sent and they sent it to the WRONG ADDRESS (the probable reason why it was never delivered in the first place). Now, 40 days after all this, I'm still without the part and the money. This company customer service is a joke, if you want to email them, good luck they will take 5 days to get back to you if you're lucky, also, no phone number, sad there's nothing lower than 1 star to give.",stars-1.svg,2019-07-24 09:27:45+00:00,IE,,atp-autoteile,1
Fast delivery,stars-4.svg,2019-07-22 07:47:02+00:00,DK,,atp-autoteile,4
"Terrible experience.Order parts, then am informed that the parts were sent. I checked the tracking information which says there is an error with my address. Over the period of a week I message the seller twice through eBay requesting they check what is going on, and get no response. I leave negative feedback on eBay to warn others. Within 2hrs they send me a message asking why I left negative feedback, and that they need a some information so they can look into the matter. I provided the information, and 3 days later they still haven't responded in any way.Guess I am going to have to go through eBay to get my money back.",stars-1.svg,2019-05-08 09:52:55+00:00,GB,"Hi Motion Technical Services, we apologise for any inconvenience caused. Please send your customer number and the document number to the following email address: help@cartech-one.eu. We will look into the matter as soon as we have received your customer data. Thank you very much and kind regards, Walter/ ATP Customer Service",atp-autoteile,1
"Quick delivery but impossibile to have a PERSON to speak with!I was desperately trying to change the delivery address only 1 hour after the purchase on eBay...i retrieved the tel. no. and e-mail address  from the web and spent 1 whole hour on the phone hearing only : all lines are occupied, you will be connected to the next available operator ...it seems there are no available employees !! i had written 2 e-mails, all this in their opening times, without reply until of course it was too late! I was quick to try and fix my error of not having noticed that the order was going to be sent to Italy , when i needed the part in Germany , to be able to return safely , over the Alps to Italy!! No way! Around midnight i get a ""no reply"" e-mail confirmation of my order with the wrong address, in the morning a mail saying my order has been given to the courier service with the tag number and that i could try to change the address directly with the parcel service...no result , my order has not been received by the parcel service and i can not track it either!! So very unhappy that there was no way , even after just 1 hour of placing the order on eBay , to contact a living Person ..seems pretty much all automatized! the order arrived relatively quickly in Italy where it was waiting for my return, undamaged and nothing missing.Remained extremely deluded and frustrated and above all helpless!!TIP: be VERY sure you are ordering what you want AND to make sure all details are perfect..you will not have a chance to change anything!! Better go to your local dealer!! ;)",stars-2.svg,2019-02-04 19:23:42+00:00,IT,"Hi mr.agi, thank you for your feedback. Please accept our apologies for the experience with the recent purchase. We clearly fell below our promised standards. We are very sorry about that. If you have any questions, let our team know at hilfe@atp-autoteile.de. Best wishes, Walter / ATP-Customerservice",atp-autoteile,2
"Pessimo venditore , spedisce l'ordine parzialmente e non rimborsa !Very bad seller , order partially shipped and not refound",stars-1.svg,2018-11-20 13:05:23+00:00,IT,"Hi Zeffirino, thank you for your feedback. Please accept our apologies for the experience with the recent purchase. We clearly fell below our promised standards. We are very sorry about that. If you have any questions, let our team know at hilfe@atp-autoteile.de Best wishes, Walter / ATP Customer Service",atp-autoteile,1
Habe Ware bestellt wo mehrere Teile fehlen. Hab über 30 mails geschrieben aber noch nicht mein Rückerstattung erhalten!!!!! Antwortet wird selten und sehr langsam. Und wenn ich ein Antwort erhalte dann ist es öfters ein standard mail mit bitte haben Sie gedult aber ich warte seit 10.05.18 und noch nicht keine Rückerstattung. Telefonisch sind SIe auch nicht zum erreichen. Bestellen Sie bitte nie beim ATP.I have ordered some parts but most of the parts was not delivered. I have send over 30 mails but still not received my money back or the parts. You often don't get an Answer but when you do it is a useless standard answer that you should please have patience. But I'm waiting since 10.05.18 and don't have my refund yet. They also don't answer the phone. Can't believe the company can get away with this. I would not recommend any to order parts from there. 3037758 (Ticket: ATP-001-21903033),stars-1.svg,2018-11-19 17:16:07+00:00,DK,"Hallo Dario, vielen Dank für deine Bewertung und die ehrlichen Worte. Wir sind stets bemüht, unseren Service zu verbessern und danken für jede konstruktive Kritik. Ein guter Service ist wesentlicher Bestandteil unserer Unternehmensphilosophie, daher sind Hinweise auf Probleme und Verbesserungsmöglichkeiten für uns sehr hilfreich. Bitte schicke uns deine Kundennummer an folgende Mail Adresse: hilfe@atp-autoteile.de Gleich nach Eingang deiner Angaben, werden wir dein Anliegen umgehend prüfen. Beste Grüße, Walter / ATP-Kundenbetreuung",atp-autoteile,1
STOP; Company does not deliver or payback payment for spares prepaid.Company apparently bankrupt or closed. Do not place orders. Waiting for 8 month for return payment.ATP answer with a standard text. But there is no respond to the claim. Company does not answer mail or telephone. So stop buying from them.,stars-1.svg,2018-11-19 12:07:28+00:00,DK,"Hi Ole, we apologize for any inconvenience caused. Please send your customer number and the document number to the following email address: hilfe@atp-autoteile.de We will look into the matter as soon as we have received your customer data. Thank you very much and kind regards, Walter / ATP Customer Service",atp-autoteile,1
"I ordered 2 fenders as a kit for a Ford Focus.After two weeks i got one!!Asked were the other were an it took more than a week to get an answer from them.Waited two weeks more before it came.And when i opened the package the fender were bent beyond repair, due to poorly packaging.And i wrote them and attached pics of the damaged fender. It took two mail and two weeks before they understood the itemnumbers they asked for.The said that they would send a replacement within the next days.  And i waited and waited an wrote them another mail wich they answered in a couple of days . They said they have sent it but it seems its on its way back to them instead of going to me.So i said they have to send me a new one instead, but they wouldn't. They are going to send the fender they sent from the beginning and that would take some time in the return center.I complained and said that a serious business would have solved already.So they said they would give me a refund within 2-5 days. Now it has been almost 10 days and still no refund.And the answer again from them were i have to wait..AGAIN... sick and tired of waiting.The same excuses every time..I have bought a lot of parts from them in the past and every time a got the part in 3-4 days to sweden. But now i dont know what they are doing...They have probably lost me as a customer.",stars-1.svg,2018-10-29 15:11:30+00:00,SE,"Hi Björn, thank you for your feedback. Please accept our apologies for the experience with the recent purchase. We clearly fell below our promised standards. We are very sorry about that. If you have any questions, let our team know at hilfe@atp-autoteile.de. Best wishes, Walter / ATP-Customerservice",atp-autoteile,1
"Since I cannot send replies, I will send another review and inform the audience what is going on after we receive a comment to send the order numbers to their help center. 10 days have passed after my first review and after receiving an advice to send my order number to hilfeatatp-autoteile.de. Although I had included all my complaints to this email, I decided to do it one more time, following their request on this web-page and the result is that I still have not received my refund (or the correct sized disks and pads which I have paid for on 1 May 2018) and on top of that I have not received a reply after sending the requested email. I will leave you to make the conclusions regarding how trustworthy and reliable this company and their customer service is.EDIT AFTER RECEIVING THE COMMENT: Yes, I have sent you the email and here are the details:from:	Angel *************************to:	hilfeatatp-autoteile.dedate:	Oct 18, 2018, 11:02 AMsubject:	Fwd: R11129 5-1009829 (Ticket: ATP-001-20417018)mailed-by:	gmail.comHello,I have sent a review at uk.trustpilot.com regarding my experience as your customer and I have received a reply to send you my order number which is 10009684. Additionally I am kindly including a part of my correspondence with your customer service which has also been sent to hilfeatatp-autoteile.deShould you need anything further please do not hesitate to contact me.Kind Regards,AngelI have also included the dozens of emails which I have already sent to your help center and customer service. Could you please check your inbox one more time or you can alternatively feel free to take the order number from the email which I have quoted above. Should you prefer I can post here all of the emails I have sent to you?",stars-1.svg,2018-10-26 10:13:28+00:00,BG,"Hi Angel, thanks for reviewing us again. We’re sorry to hear about your experience. Unfortunately we have not received an email from you. Feel free to contact our Support Team at hilfe@atp-autoteile.de. They would love to assist you with your problem. Best wishes, Walter / ATP-Customer Service",atp-autoteile,1
Satisfied with the service.,stars-4.svg,2018-10-20 23:56:13+00:00,NL,"Hallo Ermir, thank you very much for your comment. We're glad your satisfied with our services. Thank you. Best wishes, Walter / ATP-Costumerservice",atp-autoteile,4
I bought 2 front fender for mercedes w210 the 1okt and shipping between October 4th to October 11th and I have not yet received any delivery or response to my mail when delivery will be made or if they have been shipped.And nobody will hear and announce that the order is latebut the order is paid and readyMy Order No: 130-1810567641will never recommend this companyI have already sent 4 mail to you with order nobut you never answer the mail,stars-1.svg,2018-10-15 07:47:10+00:00,SE,"Hi Krille, thanks for your comment. Please send your order number to hilfe@atp-autoteile.de Thank you. Best wishes, Walter / ATP-Costumerservice",atp-autoteile,1
"atp autoteile is not a safe site to shop.I did not get the full order and no refund money.atp autoteile are not serious with clients.have been contacted dozens of times, just promises and lies from them.I am now considering contacting my bank to conduct a chargeback.I DO NOT RECOMMEND THIS SITE.after reply  I sent them no order and I have not received any answer from themtheir site is a SCAM",stars-1.svg,2018-10-22 17:18:04+00:00,GB,"Hi Veaceslav, thanks for your feedback. Please send your Customer-ID or the number of your order to hilfe@atp-autoteile.de. Best wishes, Walter / ATP Servicecenter",atp-autoteile,1
I order oil each year when I return to Germany. The price is great and the delivery service is 10 out of 10 . Good Bavarian Service. Regards Kangaroo,stars-5.svg,2018-10-01 16:36:15+00:00,DE,"Hi Barry, thank you very much for your positive feedback. Best wishes, Walter / ATP-Costumerservice",atp-autoteile,5
Transmission gasket bent to fit box  -  transmission gasket and filter - gasket arrived bent and crushed - so after a few emails and messages on eBay arranged for a replacement to be sent - exactly the same issue second time.Turns out an intact gasket is a couple of inches longer than the box so however is packing them is bending and folding them to fit the box!!  Customer service staff are polite and helpful but seem to have no quality control over their product- products are cheap but you are gambling over whether you will get an intact product.Avoid.,stars-1.svg,2018-09-30 12:55:05+00:00,GB,"Hi Henry, thanks for your comment. Please contact us via mail: hilfe@atp-autoteile.de. Best wishes, Walter / ATP-Costumerservice",atp-autoteile,1
"I ordered brake parts at the start of July 2018, and after contacting the company it was agreed that I could refuse the package and have it returned for a refund.They were returned and I heard no news. I called them around mid August since I had no reply to any of my emails. I was informed that they were having problems due to a system upgrade (similar story to a lot of people here), but they had received the brake parts back on the 24th July. I was told that for some reason my refund had not been processed. The lady said she would make a note for it to be processed.I called again on the 31st of August as I still had not been refunded. I was told that for some reason my refund had still had not been processed, and that they would put another note to the correct team.I called again on the 17th of Sept because I still hadn't received my refund! The lady said it should have taken around three days... but ""there was a mistake and it would need to be done again"", but that she didn't know when I would be refunded.This is getting beyond a joke. I've waited nearly 2 months and still not received a refund. Absolutely shocking. I am now considering contacting my bank to conduct a chargeback.In response to ATPs reply below, I contacted the company with my details, and was again ignored. I have since opened a dispute case with my bank, who have now forcibly retrieved my money. I encourage others having problems to do the same.",stars-1.svg,2018-10-09 16:15:07+00:00,GB,"Hi Doug, thanks for your feedback. Please send your Customer-ID or the number of your order to hilfe@atp-autoteile.de. Best wishes, Walter / ATP Servicecenter",atp-autoteile,1
"****************************STAY AWAY************************HORRIBLE!!!!!!!!!!Pathetic that this company is reporting all these reviews. Instead of reporting the TRUTHFUL reviews why not fix your horrible company Stay away from this fraudulent dodgy company Part was completely faulty and ruined my car. I am looking into taking legal action against this company for providing 2nd rate faulty parts.Promised a refund that never came, same old excuses.Look at all the negative feedback, you would have to be crazy to buy from this dodgy company. Seems like a Chinese based company from legal records. Pathetic standard template replies to every reviewYOU HAVE BEEN WARNED !!!!!!!!!!!!!!!!!!!!!",stars-1.svg,2019-06-19 11:59:48+00:00,AU,"Hi Pastbetter, thanks for your feedback. Please send your Customer-ID or the number of your order to hilfe@atp-autoteile.de. Best wishes, Walter / ATP Servicecenter",atp-autoteile,1
"50 Days from order to delivery!!!!! After several emails with silly explanations about my order still nothing happends.I had to make a report to Ebay  to get my parts. For me Ebay is a safe Place to buy and sell stuff from and a seller like ATP-autoteile shuld not be able to use Ebay ,throw them out they will destroy the reputation for Ebay.",stars-1.svg,2018-09-07 08:31:26+00:00,SE,"Hello Lennart, for the long time in the refund we would like to apologize. We can follow the anger of all customers. We have a new problem with minor system conversion issues to solve a problem. Best regards, Jens / ATP customer service",atp-autoteile,1
"Having ordered some wishbones for my car through Ebay, I was initially quite impressed with the service from ATP. However, having not eventually needing the wishbones, I contacted ATP to ask if I could return the items knowing that the terms of 'return had passed. Again I was very impressed that they emailed the instructions for return and when I had a problem with the return slip being in German, they were very helpful. However, since I have returned the items to them, things have changed. I have contracted them through Ebay at lest 10 times.and all.I ever seem to get back is an automatic email but no actual human contact. I am  now trying to contact them in other ways to get my money refunded. If they had told me that it was too.late to return the items, I would have happily resold them no problem. Now I am out of pocket with no parts to show for it...and ATP have gone mysteriously quiet....seems their customer care is only a one way service...their way.",stars-2.svg,2018-08-27 12:21:20+00:00,GB,"Hello, for the inconvenience of your order, we apologize. Please send us your customer and document number to the following e-mail address: hilfe@atp-autoteile.de Immediately after receiving your information, we will promptly check your request. Best regards, Jens / ATP customer service",atp-autoteile,2
"Simply, I should have read this site before dealing/ordering from ATP.Then I could have made my conclusions and find a more reliable company to deal with!I set an order in the beginning of August, still haven't got any answer to my inquiries about the product prices and delivery time.While setting the order only one item was ""out of stock"" and should have been in stock after a couple of days. Now after many weeks several items are ""lost"" from catalogue or still ""out of stock"". No good.I was a bit angry about the price changes between the prices in ATP website and the final order confirmation. While completing the order I thought the final amount would have been about 400eur (as it stood in the ATP website). But no, it ended up being about 450eur. But I accepted this because I expected to have fairly priced products with fast delivery time.And yes, if I happen to have that automated ATP customer service message, I have done my homework: I have sent my customer and order  numbers to info... and hilfe... ATP-email addresses. Of course, no answer from there either.I'm tired of waiting without any info. I'm not expecting to receive my order anymore. Only choice is to open up a dispute in PayPal and hope to get my money back.So poor service, seen one like never before. Never again ATP.Many thanks for disinformation, lost of money and time!Aivan perseestä tämä touhu!Edit 27.8.2018:Got a refund for about 50euros day after this original message above.Still not happy, because no information of anything is available from ATP.Please ATP, cancel my order and refund also the rest of my money!!!",stars-1.svg,2018-08-27 18:47:48+00:00,FI,"Hello, for the inconvenience we would like to apologize. Please send us your customer and document number to the following e-mail address: hilfe@atp-autoteile.de Immediately after receiving your details, we will check your request immediately. Best regards, Jens / ATP customer service",atp-autoteile,1
"why is there no answer ??I have ordered 4 times within the last month, the first order came after 1 month but with 2 left front fenders instead of 1 right and 1 leftI have since added 2 more orders as I wait for now 20-25days,I have placed an order again on 16/8 on 5 different things I have paid for 5 things. On my order note/paypal receipt there are 5 things .. but when I access their website under my orders they have removed 3 items on the order?I have written about 6 mails the last 4 weeks, but only auto reply back and nothing else. and tried calling them 10 times each day for the last 2 weeksI hope you read this and correct it so I can give you more stars because I have never had problems with atp beforeUpdate 22-8-2018Thanks for the standard reply, I wrote email to hilfe@ 3 times last week and no answer??",stars-1.svg,2018-08-22 09:11:40+00:00,DK,"Hello Lasse, for the inconvenience we would like to apologize. Please send us your customer and document number to the following e-mail address: hilfe@atp-autoteile.de Immediately after receiving your details, we will check your request immediately. Best regards, Jens / ATP customer service",atp-autoteile,1
Hello i have orded 18 july goods. After an month i still haven't receave the goods. Called many time's no answer.If you mail. An automatique mail back.I have orded for more of 300 euro so this is now the way to handel people.,stars-1.svg,2018-08-19 19:50:54+00:00,BE,"Hello Jörg, for the inconvenience we would like to apologize. Please send us your customer and document number to the following e-mail address: hilfe@atp-autoteile.de Immediately after receiving your details, we will check your request immediately. Best regards, Jens / ATP customer service",atp-autoteile,1
"I ordered a starter motor for an Iveco 35-10 Daily on 20 July,2018 and it was paid in full using Paypal / Credit Card. It never got delivered to the Berlin address. Many emails, faxes later ( numerous automatic email replies that promise action in 1-2 days bur result in nothing happening), I am still without what I ordered and paid for. It is impossible to contact a human by telephone. I have also sent a tracking letter stating the problem. The customer service is appalling and needs investigation by the state. Extremely bad business practice. They take your money and waste your time!           Malcolm Fairburn",stars-1.svg,2018-08-08 16:34:17+00:00,GB,"Hallo Malcolm, für die Unannehmlichkeiten möchten wir uns entschuldigen. Bitte schicke uns deine Kunden- und Belegnummer an folgende Mail Adresse: hilfe@atp-autoteile.de Gleich nach Eingang deiner Angaben, werden wir dein Anliegen umgehend überprüfen. Beste Grüße, Jens / ATP-Kundenbetreuung",atp-autoteile,1
"Be aware, untrustworthy company. They refuse to contact me in 3 weeks. I hope somehow to get my money back(320 euros).After 2 weeks of waiting, i email them to cancel my order because i need that part and never get contacted by them.Never again.Edit1 : i've email them again, this time to the adress they left here in reply. Still no respond. Still not recommend.",stars-1.svg,2018-08-20 16:37:13+00:00,RO,"Hallo Daniel, für die Unannehmlichkeiten möchten wir uns entschuldigen. Bitte schicke uns deine Kunden- und Belegnummer an folgende Mail Adresse: hilfe@atp-autoteile.de Gleich nach Eingang deiner Angaben, werden wir dein Anliegen umgehend überprüfen. Beste Grüße, Jens / ATP-Kundenbetreuung",atp-autoteile,1
"Ordered parts 2 months ago, got half of it and can't get in touch with them. Never again.",stars-1.svg,2018-07-27 17:25:20+00:00,SE,"Hello Jens, thank you for your message. Please send us your customer number to following e-mail: hilfe@atp-autoteile.de Kindest regards, Jens / customer service",atp-autoteile,1
"They never replied to any of my messages! Dreadful customer service. I ordered a set of rear arms (left and right). They sent one arm of different type, but still for my car. In order to save time and money I decided to keep that arm as a spare and I asked them to send me the correct part at a fair price as soon as possible (taking into account the price of the wrong part sent). I wasted a week trying to contact them without any luck. I needed to order from them again as only they sell that particular brand (+£20 from my pocket to cover their incompetence). Their current company rating on here is 4.1. out of 10. I should have read reviews before dealing with them.",stars-1.svg,2018-07-23 06:14:27+00:00,GB,"Hi Axel, thank you for your feedback. Please accept our apologies for the experience with the recent purchase. We clearly fell below our promised standards. We are very sorry about that. If you have any questions, let our team know at hilfe@atp-autoteile.de. Best wishes, Walter / ATP-Customerservice",atp-autoteile,1
"Extremely poor and amateurism customer service. Order ATP-001-20875456Ordered parts and products June 13th. Today after nearly 3 weeks, 3 mails and 7 phone calls ""no reaction or response at all"" to when the goods will be shipped.Now asked PayPal to reimburse the payment of 178 Euros.",stars-1.svg,2018-07-01 11:47:39+00:00,DK,"Hallo Holger, für die Unannehmlichkeiten möchten wir uns entschuldigen. Bitte schicke uns deine Kunden- und Belegnummer an folgende Mail Adresse: hilfe@atp-autoteile.de Gleich nach Eingang deiner Angaben, werden wir dein Anliegen umgehend überprüfen. Beste Grüße, Jens / ATP-Kundenbetreuung",atp-autoteile,1
"Definitely ATP is my worst eshop experience. I spend over 300 EUR for Atera bike carrier 25 days ago and I have no parcel, no money and it is not possible to contact the seller. Their only reaction is an answer for negative review ""please send details of your purchase on hilfe@..."". It is only auto-response. They don't answer any emails. It is also not possible to call them. AVOID them if you don't want to be a victim of a fraud.",stars-1.svg,2018-06-23 09:14:06+00:00,PL,"Hallo Lukasz, für die Unannehmlichkeiten möchten wir uns entschuldigen. Bitte schicke uns deine Kunden- und Belegnummer an folgende Mail Adresse: hilfe@atp-autoteile.de Gleich nach Eingang deiner Angaben, werden wir dein Anliegen umgehend überprüfen. Beste Grüße, Jens / ATP-Kundenbetreuung",atp-autoteile,1
"Hello everybody,I am very sad with this shop. I have decided to place an order, promising to be shipped within 3-4 days. Order has been paid but still waiting to be delivered -already 2 weeks gone. No part, no money and car is inop.Nobody is coming on the phone, no email answer, no customer service at all.Bottom line__________After huge effort and couple of weeks waiting, money has been returned back. However I have lost more than time in this case.",stars-2.svg,2018-06-22 07:59:02+00:00,DE,"Hello Michal, we apologize for the inconvenience. Please send us your customer and document number to the following e-mail address: hilfe@atp-autoteile.de Immediately after receiving your information, we will promptly check your request. Best regards, Jens / ATP customer service",atp-autoteile,2
Five Star deserved!,stars-5.svg,2018-06-13 11:20:13+00:00,CH,"Hi Driton, thanks for the comment! We're so happy to hear that you're enjoying your ATP experience. Best wishes, Walter / ATP-Customerservice",atp-autoteile,5
Tried to cancel my order as I no longer required the product but they told me it had already been sent which I accepted even tho I’d received no tracking info or the item hadn’t been marked as dispatched on eBay. I then asked for the tracking info but then was told due to a system adjustment my parcel would be dispatched in the next 1-3 days and if I wanted to cancel reply with Storno (cancellation in German) as the subject and they would happily do this so I did straight away with no success. They just reply with the same email so iv continuously done this for the last few days and asked for tracking info but no one replies. Still waiting for parts to turn up. Definitely won’t be using again. Not a good customer experience at all,stars-1.svg,2018-06-06 20:02:03+00:00,GB,"Hello Mike, thank you for your message. Please write your customer number to our E-Mail: hilfe@atp-autoteile.de Best Regards, Jens",atp-autoteile,1
"commnade ebay 20/02 colis retourné par la poste, nous n’avons jamais eu le colis  l’adresse etait incomplète du au mauvais bon de livraison car mon adresse etait a moitier et pas complete. depuis il y a eu 2 echange email puis plus rien j’ai envoyé des email de partout, paypal ne nous a meme pas remboursé alors que nous n’avons rien reçu 194€ que je compte bien me faire rembourser ou mon colis renvoyé, personne repond mastercard a été contacté c’est inadmissible et je suis vendeur pro sur ebay  e sont des voleurs tous simplement comme en chine c’est les mêmes dernier message du 7mars is last message. Hello,thank you. We have corrected your adress now.As soon as we receive the parcel back we will arrange a new delivery.Mit freundlichen Grüßen | Kind regardsMarinaCustomer Contact Centre | AgentATP Auto-Teile-Pöllath Handels GmbHATP Auto-Teile-Pöllath Handels GmbH | Am Heidweg 1 | D-92690 PressathAmtsgericht Weiden i. d. OPf., HRB 2867 | Geschäftsführer: Peter PöllathUmsatzsteuer-Identifikationsnummer gemäß § 27a Umsatzsteuergesetz: DE814209745Schlichtungsverfahren: Die Europäische Kommission unterhält eine Plattform zur außergerichtlichen Online-Beilegung von Streitigkeiten zwischen Verbrauchern und Unternehmern (OS-Plattform). Die Plattform erreichen Sie unter-----------------Original message:-----------------Neue Nachricht: hallo, return me my order if i don...Neue Nachricht von: destock-case (1,738 )hallo, return me my order if i dont recept first time you add not complete adresse !resend me and controle all adress is write on package and send dhl at home not just in DE sure i recept packageIF YOU DONT ADD FULL ADRESS POST OFFICE FRENCH RETURN DITECTLY OKcontrol my adress is sale twelve years ! thxthx i have canceled vacancyAntwortenAngebot aufrufenHallo brands4cars,hallo, return me my order if i dont recept first time you add not complete adresse !resend me and controle all adress is write on package and send dhl at home not just in DE sure i recept package  i cut my name for hereIF YOU DONT ADD FULL ADRESS POST OFFICE FRENCH RETURN DITECTLY OK control my adress is sale twelve years ! thxthx i have canceled vacancy- destock-caseBREMBO COATED BREMSSCHEIBEN Ø253 VOLL+ BELÄGE HINTEN AUDI A3 8P BJ 03-13Bestellstatus: BezahltAm 20. Feb. 2018 17:08 MEZ EUR 194,09 gezahlt per PAYPAL für ArtikelArtikelnummer: 361453371181Transaktionsnummer: 924314874023",stars-1.svg,2018-03-30 06:41:44+00:00,FR,"Hello Gabriel, thank you for your message. Please send your customer number to the following e-mail adress: hilfe@atp-autoteile.de Kindest regards, Jens",atp-autoteile,1
Poor customer service. Bought a set of continental headlights from them on ebay. One when faulty while traveling in France. Had to send it back through French postal service to get refund. Poor communication and dragging their feet all the way meant over 2 months delay for full refund. Expect they did this so I could not post a feedback on ebay after the 60 days period.,stars-1.svg,2018-03-10 10:14:36+00:00,PT,"Hello Ivan, thank you for your message. We have already forwarded your request to our customer service. Best regards, Jens / marketing",atp-autoteile,1
"I’m pretty sure that this review makes no difference to ATP or my case, but hopefully people will think twice before buying anything from this company.I purchased a Sachs clutch kit from ATP, for my Audi A4. The payment and delivery went fine and quick, which is probably the only positive thing I have to say about this company.We had scheduled a repair at a local mechanic for a gearbox and clutch replacement, so we delivered the ATP clutch as per agreement to the mechanic. However, when the mechanic went to fit the new clutch to the car, he noticed that the clutch didn’t fit and was actually a LUK clutch (completely different brand to Sachs). The clutch was branded LUK on one side and Sachs on the other. As the car was taking up space on a lift and the mechanic couldn’t wait for a new clutch to be delivered, we had to buy the correct clutch locally. Unfortunately it didn’t come with a clutch release bearing, so we had to use the one supplied with the clutch kit from ATP.I called ATP and explained the situation (in German, as apparently only one or two ATP employees speaks English) and asked if it was possible for me to return the incorrect clutch without the bearing, to which they replied yes. I returned the clutch as agreed, and for a long period of time I heard nothing from them, so I decided to call them to see if they received the clutch. After a couple of calls, they informed me that they had in fact received the clutch, but that the bearing was missing and that they could not refund me as the set was not complete. I tried to explain the situation several times with no luck and no sympathy.ATP sells the exact clutch release bearing on their website and I informed them, that I would happily pay for the bearing that I had used from the kit, so they could replace it in the kit. But for some reason this is impossible to do for ATP. In theory I could just get the clutch back, buy the bearing, put it in the box and return a complete set. I have now spent several hours on the phone, trying to first of all get through to them on the phone, which is a nightmare. And when I finally manage to get through, nobody speaks English (fortunately I speak a little German). The employees that answer the phone cannot make any decisions and needs to speak to their supervisors and promises to call back, which they NEVER do, so you have to start all over every time you get through to them.To make things even better, now ATP wants me to pay them to return the wrong clutch to me.",stars-1.svg,2017-11-01 10:31:36+00:00,DK,,atp-autoteile,1
"Talking about: atp-autoteile.DEBe very careful! Bought a catalytic converter for a Renault, they did sent it to me but forgot the parts to assemble it. (They were included in the price and shown on the website.)  Because the bad quality it could not be fitted with the original Renault or other clamps. The flange was much to low. After a every email they promised me to send the missing parts within a few days. But they didn't. Tried to call them but could not reach them. (Tried it 17 times one afternoon, they put you on hold and then disconnect after 5-10 minutes waiting.)So brought the car to garage where they welded the catalytic converter to the exhaust system. To my surprise, after 10 weeks or more, I got without any warning the missing parts in the mail! Thanks!Real sad company, they don't even try to help their customers!",stars-1.svg,2017-08-04 14:33:47+00:00,NL,Dear MdB Please accept our sincerest apologies for any inconvenience you have been caused. These mistakes must not happen. We are always trying to improve the service for our customers and offer the best quality. Best regards ATP,atp-autoteile,1
"""no risk 90 day money back guarantee"". Yeah sure.Bought a Chinese made A/C compressor for my Mercedes from them. It leaked badly. Not because it was broken or something. The design was bad and impossible to  create a sealed system.Sent the unit back. They made every single excuse you could imagine - I hadn't given them a chance to fix the problem, so no warranty (I did  they answered no questions about making the product actually work). - I didn't include the original mechanic's invoice - (I did, right on top of the compressor)- They inspected the thing and claimed  there was no proof of the defect occuring before the installation (simply, the replacement part was of a bad design - didn't work before, didn't work after, despite trying many things to prevent having to pay to uninstall and then install a different one)- The invoice didn't show what they needed to see - no warranty (my Italian speaking mechanic hardly understands what I ask him in english, however, I made sure he did the job right - flushing, replacing the drying unit, etc.)In short, they kept the part (probably re-sold it) and kept the money also!Edited October 25, 2018: ATP tried hard to remove this review about a year ago. Fortunately, after trustpilot looked at the evidence, this review remained. Don't be fooled by the feeble bluff of an offer to resolve the issue more than two years after the fact. Do yourself a favour and listen to my and all others' experience in buying cheap, poorly made non-functional parts and purchase your car parts from a reputable source. Otherwise, we told you so. My mistake cost me 179 euros for the compressor plus nearly 300 euros extra for my mechanic's huge efforts to try to make the thing work and then remove it and replace it with a unit from Mercedes.",stars-1.svg,2018-10-25 05:29:50+00:00,IT,"Hi Maurice, thanks for your comment. We're sorry to hear about your experience. Would you mind emailing hilfe@atp-autoteile.de with a full report on your experience and we'll look into this. Kind regards, Walter / ATP-Customerservice",atp-autoteile,1
"Again. They sent my packet to the wrong address and they asked me to send them my address. I replied and they ask me again for my address. This goes on and on and I have sent them my address about 8 times and yesterday they mailed me asking me for my address again.Dont buy from this shop!I have to contact PayPal to get my money back.Their customer contact is a joke. One woman who answered only said Good Bye and put the phone down.Even 1 star is generous and Trust pilot should give us an option for zero star.To stop bad reviews in facebook they filter out all the bad comments.Update 05-05-2017.They are helpless. They cant read and sending me copy and paste mail asking me for my address again. Update 16-05-2017.I called ATP again and was told by an arogant woman to send email againI complained to PayPal and the response was immediate and 2 days later, ATP gave me a refund.Why does such a nice shop with so many good parts treat customers this way? I am lost.",stars-1.svg,2018-03-15 18:53:27+00:00,NO,,atp-autoteile,1
I had a problem with a piece which did not fit to my car. I return the cardan and was reimbursh. Serious people.. Would recommand it.,stars-5.svg,2017-04-04 09:59:37+00:00,LU,,atp-autoteile,5
"Ordered car parts on 21/10/2016 no dispatched yet today is 31/10/2016. I have been emailed them, they says that they do not have the part in the stock, but when you are looking on their website the part is in the stock.Received an email from autoteile.de that the parcel(order) will be dispatched on 26/10/2016 but no oder delivering yet, seems that is the way how Autteile.de treat their customers (""good business"").",stars-1.svg,2016-10-31 10:40:49.758000+00:00,IE,Dear Mr Bet We sincerely apologize for the delay and the inconvenience you have been caused. We will do our best to improve the service for our customers. Best regards ATP,atp-autoteile,1
"I warn anyone to stay clear of this conning poor quality company. Bought a turbo from them that leaked where the actuator arm is attached and they didn't honour the warranty because they said it was fitted incorrectly. Even if it was, it wouldn't leak there so stay away from these crooks.",stars-1.svg,2016-09-07 22:50:37+00:00,GB,,atp-autoteile,1
I would like my money returned to paypal account. Because of continues and expose lerverings date. Kundennummer 3662902,stars-1.svg,2016-06-09 06:44:03+00:00,DK,,atp-autoteile,1
Payd my ticket twice. After a month i still havent got my 385.50 €. Wrote to ATP twice with me account info,stars-1.svg,2015-12-03 10:46:29.961000+00:00,DK,,atp-autoteile,1
"I ordered a compressor and a condensor on their website. I got a confirmation, so I paid with the credit card. After three days I got a mail that they can´t deliver the compressor and they asked if I wanted to cancel the complete order. I answered yes, I will buy compressor and condensor somewhere else. After a very long and tiring email conversation I got the money back for the compressor but not for the condensor! They say that they have sent the condensor by mistake, but now are waiting for the condensor to return to them. They have given me this answer for over two months now, so I just have to accept that I have been really tricked by this company.",stars-1.svg,2015-11-18 20:46:35.959000+00:00,SE,,atp-autoteile,1
"ATP has trouble finding out which bits it takes a set. Then when you get the wrong bits, they will not exchange them after some days. So you must change the parts at once you get them, also hoping for the best. All in all, a poor service.",stars-2.svg,2012-04-16 19:03:36+00:00,DK,,atp-autoteile,2
"This is a great store which I can recommend for anyone looking for quality car parts.

The shipping is fast, they stock good brands and most importantly they handle warranty claims without issues... See more",stars-5.svg,2025-12-05 18:28:05+00:00,,,motointegrator,5
The ordering process went smoothly. Have ordered many times from this company everything has gone smoothly until you have to complain about several products for the first time that have been damaged d... See more,stars-1.svg,2026-02-26 22:14:06+00:00,,,motointegrator,1
Bought a Helmet from them have asked over 5 times for tracking absolutley no reply and it's been a week now. If I hear nothing by weekend will cancel my order and get a refund absolutley useless. UPDA... See more,stars-5.svg,2024-12-18 09:54:37+00:00,,,motointegrator,5
I ordered a replacement light for my car and I was super impressed by the price (only around 60€). It arrived within 2 days and it was in perfect condition on arrival. They had packaged it really well... See more,stars-5.svg,2024-08-14 14:44:29+00:00,,,motointegrator,5
The ordering process went smoothly. Have ordered many times from this company everything has gone smoothly until you have to complain about several products for the first time that have been damaged during delivery. Have made a complaint to the company on 15/1 and received. We are on 26/2 today and the company still has not heard from me it has been almost over 6 weeks! I can only advise you against this spare parts dealer. Save yourself the stress of complaints and order directly from somewhere else!,stars-1.svg,2026-02-26 22:14:06+00:00,SE,"Dear customer, We are very sorry that some of the products were damaged during transport. Please contact our customer service department as soon as possible. Our advisors are also available by phone and speak English. Kindly provide your order number, and they will resolve the issue immediately. Best regards, Adrian",motointegrator,1
Reply from Motointegrator.de,stars-5.svg,2025-12-22 16:12:25+00:00,IT,"Lieber Kunde, Herzlichen Dank für Ihr positives Feedback! Wir freuen uns sehr darüber. Viele Grüße Adrian",motointegrator,5
The ithem was on stock ans shipped fast. The item arrived in four days in The Netherlands.,stars-5.svg,2025-12-16 20:04:40+00:00,NL,"Lieber Kunde, vielen Dank für diese hervorragende Bewertung und Ihren netten Kommentar. Viele Grüße Adrian",motointegrator,5
Reply from Motointegrator.de,stars-5.svg,2025-12-10 11:22:08+00:00,HR,"Lieber Kunde, Vielen lieben Dank für Ihre netten Worte! Es bedeutet uns sehr viel zu wissen, dass Sie mit unserem Service zufrieden sind. Bis hoffentlich ganz bald! Viele Grüße Adrian",motointegrator,5
"This is a great store which I can recommend for anyone looking for quality car parts.The shipping is fast, they stock good brands and most importantly they handle warranty claims without issues which can be problematic with some other stores.They could work some on their packaging though, one time the package feel apart in shipping. But no items went missing or was damaged so it was a minor issue.",stars-5.svg,2025-12-05 18:28:05+00:00,SE,"Dear customer, thank you very much for your positive review. Regards, Adrian",motointegrator,5
I have ordered brakes from motointegrator but DHL flagged the package as damaged wich means it has never reached my door. something that happens a lot at moto integrator because they have poor packaging. i ordered 26-08-2025 and up until this day 10-11-2025 there has only been replys from moto integrator that i would need to wait a little longer. they stopped writing the service employee's name under the message probably due to accountability. i have reached out about ten times to find a solution. they are not helping me in any way at this point.Update:After writing this review and telling that I would. The whole situation was solved in about 2 hours. I am happy that they really do care about customer satisfaction. Bumped the rating up to three stars because 5 and one stars Denises by two is three stars.,stars-3.svg,2025-11-10 19:49:43+00:00,NL,"Dear Customer, just as you noticed, we care deeply about customer satisfaction. We are glad that the issue has been resolved. Remember that our advisors are always at your disposal. We look forward to further fruitful cooperation. Best regards, Adrian",motointegrator,3
"I ordered a clutch that arrived damaged and returned it right away. It’s been over two months now and I still haven’t received my refund of around €350. Every week I send an email, and every week I get the same reply: that they can’t reach UPS. However, UPS clearly states the sender must handle it. This company refuses to take responsibility and drags things out endlessly. Avoid at all costs!FRD-911-682-469",stars-1.svg,2025-09-08 15:13:04+00:00,FR,"Dear Customer, We apologize for the inconvenience. Our claim with UPS for your returned order has been approved, and our customer service team sent you an email today with an update regarding your refund. We appreciate your patience and are working to ensure your refund is processed as quickly as possible. Please check your inbox (and spam folder) for our message, and do not hesitate to reach out if you have any further questions. Kind regards, Sonia",motointegrator,1
Do not buy postage is slower than service mail from China. Paid £10 for 3-4 day delivery two weeks later still waiting. The site should clearly state it is in Germany,stars-1.svg,2025-07-07 10:20:47+00:00,ES,"Dear customer, Thank you for your feedback! We are very sorry about the delay in delivery. Unfortunately, we have no influence over our supplier. As for the company’s location, the store’s address with a German domain clearly indicates that the shop is based in Germany. Best regards, Adrian",motointegrator,1
"Very bad experience. Part was advertised as next day delivery in NL, but will take a week. Email them instantly, but they refuse to cancel although the part is not even shipped yet.  Also they charge VAT although we supplier our VAT nr, the invoice has no VAT but the payment included VAT.  Do not buy here, typical Polish scam parts side acting like they are in The Netherlands.",stars-1.svg,2025-06-04 18:59:39+00:00,US,"Dear customer, We are very sorry for the delay in the delivery of your shipment. Please contact our customer service department so that we can work out the best solution for this situation. We truly care about ensuring you are satisfied with our service. Kind regards, Adrian",motointegrator,1
"I placed an order on May 7, which was never delivered. The DHL tracking never moved, and I had to follow up multiple times via email without getting clear answers.After more than a month of delays, I finally received a refund, but only after repeated messages, opening a DHL investigation, and posting a public review. A credit note was issued, but not even an email confirming that a refund was being processed.I'm glad the case is now resolved, but the customer service experience was frustrating and unprofessional. Hopefully, they improve their handling of support cases — I won’t be ordering again unless that changes.",stars-2.svg,2025-06-19 15:12:30+00:00,BE,"Dear Customer, unfortunately, there is no information in our system regarding this order. Please contact our customer service department again. Our advisors are also available by phone. At this point, they are obliged to file a complaint with our supplier and clarify the matter. Regards, Adrian",motointegrator,2
I am very satesfied with the service Moto Int. give us.,stars-5.svg,2025-05-16 16:06:20+00:00,SE,"Dear customer, thank you for your positive feedback! Regards Adrian",motointegrator,5
They send me a broken caliper. And refuse to resolve or give me my money back. They are not responsive on my questions how to resolve this. Awful company.Edit: I did provide my order number several times. What the company states is an invalid argument,stars-1.svg,2025-05-07 06:47:12+00:00,NL,"Dear customer, unfortunately, you did not provide your order number, and we are unable to verify this case. Please contact our customer service department again. Our advisors are also available by phone and speak English. Best regards, Adrian",motointegrator,1
Reply from Motointegrator.de,stars-5.svg,2025-02-24 15:06:18+00:00,SE,"Dear customer, thank you for your positive feedback! Regards Adrian",motointegrator,5
"The best website to order car parts in Europe, it would be better and good experience for customers if they add the possibility to pay in 4 with PayPal, overall good experience and kind customer service.",stars-5.svg,2025-02-10 13:34:03+00:00,US,"Dear customer, thank you for your positive review! Regards, Adrian",motointegrator,5
Very good price fast shipping and trouble free service,stars-5.svg,2025-01-25 14:31:51+00:00,DE,"Dear customer, thank you very much for your positive feedback! Regards, Adrian",motointegrator,5
Reply from Motointegrator.de,stars-5.svg,2025-01-11 12:28:23+00:00,HR,"Dear customer, thank you for zour positive review! Regards, Adrian",motointegrator,5
Bought a Helmet from them have asked over 5 times for tracking absolutley no reply and it's been a week now. If I hear nothing by weekend will cancel my order and get a refund absolutley useless. UPDATE!!!! there was issues beyond our control affecting the whole process and they did contact me I just did not receive it. So I would like to say they are a good company who did do everything right but it was lost somewhere in communication. So yes very good company you have no worries ordering from them .,stars-5.svg,2024-12-18 09:54:37+00:00,NL,"Dear customer, unfortunately, you did not provide the order number, and we are unable to check the details. Please contact our customer service department again and provide the order number. Our advisors will check exactly where the order is located. Regards, Adrian",motointegrator,5
"Ordered two parts, one for the left side of the car and the other for the right. I received the same RIGHT part 7 days later. They made a mistake. Their solution is for me to send the parts back, wait until they receive it and then they might send the correct part again. And if I'm in a hurry, I have to order the part separatelly and I also have to cover the delivery cost. This company is a joke! Order number: ESD-503-866-811. I did order the correct items, it's you that didn't send the correct ones lol",stars-1.svg,2024-12-10 10:53:19+00:00,ES,"Dear customer, Unfortunately, you did not provide the order number, so we are unable to determine where exactly the error occurred and on whose side. We kindly ask you to return the product and place a new order for the correct item. We will refund the payment upon receiving the returned goods. Best regards, Adrian",motointegrator,1
Fast delivery and good price.For this time the products were well packed and protected but it is not like this every time !Liquid products are not delivered separately as it was done before.,stars-5.svg,2024-11-07 17:50:07+00:00,FR,"Dear customer, thank you for your positive review! Regards, Adrian",motointegrator,5
"very bad, poor quality goods.",stars-1.svg,2024-08-22 14:55:05+00:00,RO,,motointegrator,1
I ordered a replacement light for my car and I was super impressed by the price (only around 60€). It arrived within 2 days and it was in perfect condition on arrival. They had packaged it really well. I would definitely recommend them to anyone looking for car parks.,stars-5.svg,2024-08-14 14:44:29+00:00,DE,,motointegrator,5
"They deliver damaged (probably returned by someone) items. When asked for a replacement, they suggest returning the damaged item and they’ll refund it and then I would have to re-order the item again with new postal fee. They do not obey the German consumer law which states that they should fix or replace damaged items with NO additional cost to the consumer. When telling them this they stop responding.",stars-1.svg,2024-07-06 22:03:25+00:00,FI,,motointegrator,1
I bought a headlight for my car. It is defective. I wrote an email about it to complain about the defective headlight. At some point contact broke off and motointegrator stopped responding to my email. So far I have not been able to advertise the defective item and no one has responded to subsequent emails. The hotline after 20 minutes of waiting for a consultant still did not answer my call. The company is unprofessional and does not care about its customers.,stars-2.svg,2024-04-22 16:44:08+00:00,NL,,motointegrator,2
"I ordered from this site for the first time and regretted it.The package was damaged during transport at the DHL post office and they returned it to the motointergrator, they received the package but did not inform me about it. At my insistence, they sent me a coupon for 5 euros and said that they would refund my money in 10 working days and that I should re-order the items and pay again for the delivery that I had already paid, the refund is due in 10 days and it is incomplete. I feel cheated. On the phone call , they very unkindly said that I am sorry and that I will write an e-mail that the refund is incorrect.D62-562-158-405Update Everything was resolved in one day, the money was fully refunded and I received a coupon for a new shipment",stars-1.svg,2024-04-23 08:13:37+00:00,HR,,motointegrator,1
"All great !!Price very  goodShip  to Italy very  fast.Sure, i will turn  back to buy.Very  raccomanded",stars-5.svg,2024-04-13 14:05:37+00:00,IT,,motointegrator,5
"Ordered a part, received nothing. Sent them an email, nobody replied, nobody sent money back. It's a scam shop.",stars-1.svg,2024-01-10 10:40:46+00:00,CZ,,motointegrator,1
"Worn and sick sensor I do not recommend itThey say it has a 2 year warranty, but that's a lieWhen I called them, they said it could not be replaced. It only worked for two days and it brokeNo guarantee, nothing I do not recommend 👎👎👎👎👎👎👎👎👎👎👎👎👎👎👎👎👎👎👎👎👎👎👎👎👎👎👎👎👎👎👎",stars-1.svg,2023-09-20 15:42:50+00:00,ES,"Dear customer, we would like to kindly ask you to contact our customer service. Our consultants will clarify the case. Best regards, Adrian",motointegrator,1
"Still cheaper then .NL and .BE for the same quality products.Good service, fast delivery and good customerservice.Recomended.",stars-5.svg,2023-08-18 11:10:43+00:00,BE,,motointegrator,5
"I ordered a towingbar. It was damaged in the shipping, i had to pay for the shipping myself. They refunded the part price but not the 32 euro return shipping . Emailed them about the problem but no response. Update: tried customer service Ümit Durmus but does not want to help. Final update: everything is sorted now in one day, happy customer here thanks!",stars-1.svg,2023-07-05 18:52:37+00:00,NL,"Dear customer, We need either an invoice or a receipt to prove the costs incurred. We would very much appreciate your urgent contact with our customer service to clarify the matter. Regards Adrian",motointegrator,1
Tried to order a bunch of goods and pay via credit card.  Only god knows why they tried to book the payment of my credit card (via PayPal) multiple times until my account was drained. All those individual payments are now pending despite the order not going through and leaving me without an order number or the possibility to order again - as funds in my account too low now.UPDATE: after 4 days funds have been reimbursed and back in my account. Did order with a different payment method and everything went well.,stars-3.svg,2023-05-20 03:30:07+00:00,NZ,"Dear customer, please contact our customer service department to clarify the problem. Regards Adrian",motointegrator,3
Sold me rotten badly stored tyre won't refund typical!They claim because I put the tyre on the bike it means that the tyre is good.rubbish!I am not god and cannot predict vibration in a tyre by looking at it.again poor service with no respect towards the customer.its all about your wallet!    D64-185-304-850I called Bridgestone EU and they said it's a manufacturing fault and that you can send it back for a replacement!,stars-1.svg,2022-12-20 13:12:11+00:00,GB,"Dear customer, unfortunately, you did not provide your order number. Please contact our customer service. Our advisors will explain this matter. Regards Adrian",motointegrator,1
"all ok, price good",stars-5.svg,2022-11-29 00:23:38+00:00,SI,,motointegrator,5
"Nice web shop with good prices and no surprises! if you order a well known brand, you will not receive a chinese substitution.",stars-5.svg,2022-11-16 09:36:28+00:00,FR,,motointegrator,5
I am fine with Motointegrator. But however I noticed significant price increase.,stars-5.svg,2022-11-08 02:05:36+00:00,HR,,motointegrator,5
Super Service,stars-5.svg,2022-10-28 06:29:38+00:00,DE,,motointegrator,5
Super !! fast shipping and god prices..,stars-5.svg,2022-10-24 21:11:42+00:00,DK,,motointegrator,5
Top!!!!!!!!!!!,stars-5.svg,2022-09-26 06:58:15+00:00,DE,,motointegrator,5
Top Top!As Always everything first class.,stars-5.svg,2022-09-25 19:37:39+00:00,BE,,motointegrator,5
best. best. best,stars-5.svg,2022-09-16 07:19:42+00:00,GE,,motointegrator,5
"Ordered several times and all positive. Quick shipment, you receive what you ordered so good experience. Will buy next time again.",stars-5.svg,2022-09-11 11:15:17+00:00,NL,,motointegrator,5
"First time that I used Motointegrator. Nice discounts, fast response and express delivery.",stars-4.svg,2022-08-25 18:42:35+00:00,HR,,motointegrator,4
Sehr hochwertiges Produkt und schnelle Lieferung,stars-5.svg,2022-08-03 23:17:02+00:00,LV,,motointegrator,5
Great seller ++++++,stars-5.svg,2022-08-02 18:26:35+00:00,FI,,motointegrator,5
Great service,stars-5.svg,2022-07-25 19:39:32+00:00,NL,,motointegrator,5
Excellent!! God prices and fast delivery!!,stars-5.svg,2022-07-12 08:58:58+00:00,SE,,motointegrator,5
"Fast shipping and handling, good packaging",stars-5.svg,2022-07-07 21:40:59+00:00,NO,,motointegrator,5
Fast shipping and delivery. Best price.,stars-5.svg,2022-06-27 19:38:53+00:00,SK,,motointegrator,5
"Best prices for car parts in EU, flat shipping cost, everything great, put free shipping for EU above 200 euros.",stars-5.svg,2022-06-14 09:40:58+00:00,HR,,motointegrator,5
"2 TRW brake discs in two different ""factory"" packages without factory seals. Cheap copies from China etc?",stars-2.svg,2022-06-11 07:04:42+00:00,FI,"Dear customer, please contact our customer support. Our consultants will carefully clarify the case. Zou can also send us a few pictures of the ordered item. Regards Adrian",motointegrator,2
"Easy website, goods are correctly packed, fast delivery with dhl.Thanks",stars-5.svg,2022-06-06 18:16:56+00:00,DE,,motointegrator,5
"Fast delivery, good price. Can't complain.",stars-5.svg,2022-05-30 14:09:24+00:00,DE,,motointegrator,5
The parts were delivered quickly for a fair price,stars-5.svg,2022-05-26 19:44:23+00:00,NL,,motointegrator,5
Top!!!!!!!!,stars-4.svg,2022-05-12 12:31:15+00:00,DE,,motointegrator,4
top!! top!! top!!,stars-5.svg,2022-05-11 15:27:47+00:00,BE,,motointegrator,5
Very good prices and big variety of brands for parts!!!Satisfied enough….but the shipping with DHL/FEDEX etc in Germany generally is a disaster.The good impression for Motorintegrator is destroyed by the very bad services of the shipping providers in Germany generally.I say this because I faced this several times in online shopping!,stars-4.svg,2022-04-25 19:19:08+00:00,DE,,motointegrator,4
The fastest and correct online order and delivery. Thanks a lot!!!,stars-5.svg,2022-04-25 13:26:41+00:00,LU,,motointegrator,5
Excellent buy. Very professional and fast. I recommend it without a doubt,stars-5.svg,2022-04-12 17:35:32+00:00,CU,,motointegrator,5
All for 5 ⭐... fast delivery. I will definitely order from them again.,stars-5.svg,2022-04-11 15:57:04+00:00,SI,,motointegrator,5
"fast shipping, best price",stars-5.svg,2022-04-11 15:03:04+00:00,SI,,motointegrator,5
Super Super Super,stars-5.svg,2022-03-31 17:27:01+00:00,DE,,motointegrator,5
"I have ordered some coils and other stuff.Too bad coils boxes has been opened and showing some damages. So I sent these back.Trunk/cargo carpet doesn't fit, while their site is saying compatible with my car.Sent them email, no reply at all.Only got a reply from them, they are saying I have installed these coils. I haven't installed them at all.So they refund a partially amount of my money.This is not first time they sent me damaging and broken boxes. Too bad have few bad experiences now....",stars-1.svg,2022-03-29 17:55:43+00:00,NL,"Dear customer, we kindly ask you to contact our complaints department. Our colleagues will try to solve this problem. Regards Adrian",motointegrator,1
"Good parts description, low prices and fast delivery.",stars-5.svg,2022-03-26 19:32:30+00:00,HR,,motointegrator,5
Alles Top. Danke,stars-5.svg,2022-03-24 18:35:38+00:00,DE,,motointegrator,5
Ordered from you twice and always been happy. Affordable price level.,stars-5.svg,2022-03-24 18:08:40+00:00,FI,,motointegrator,5
Recomended . Fast transactions and quick delivery.,stars-5.svg,2022-03-24 17:22:00+00:00,DE,,motointegrator,5
Good prices. Fast shipping.,stars-5.svg,2022-03-17 15:29:12+00:00,GE,,motointegrator,5
"Everything OK. Good prices, fast delivery.",stars-5.svg,2022-03-16 11:07:59+00:00,NL,,motointegrator,5
"Shipping 3 days to Croatia, great service and parts.",stars-5.svg,2022-03-11 11:04:39+00:00,HR,,motointegrator,5
The details arrived fast and in perfect conditions from Germany to Italy. All the process was clearly tracked.I recommend this site!,stars-5.svg,2022-02-24 08:24:07+00:00,IT,,motointegrator,5
"great price, fast shipping",stars-5.svg,2022-02-15 15:52:21+00:00,HR,,motointegrator,5
"good seller, very satisfied",stars-5.svg,2022-02-14 15:46:39+00:00,PT,,motointegrator,5
"Conforme à la description et équivalent origine, très bien, merci.",stars-5.svg,2022-02-11 08:26:44+00:00,FR,,motointegrator,5
Absolutely fantastic shop !!! Fast Cheap and original good quality parts. The best there is !!!,stars-5.svg,2022-01-14 06:20:37+00:00,DE,,motointegrator,5
Top!! Alles super geklappt!!!,stars-5.svg,2022-01-10 18:19:42+00:00,DE,,motointegrator,5
I have heard from my friends in Germany that Motointegrator is the best web for shopping spare parts but unfortunately when I try to buy some spare parts I find out that the do not deliver to Cyprus (EU country ).Please think about it again in order to include Cyprus in your shipping list.ThanksChrisLimassolCyprus,stars-5.svg,2022-01-08 15:55:32+00:00,CY,,motointegrator,5
"Super, very fast and very corect..",stars-5.svg,2021-12-18 20:47:19+00:00,AL,,motointegrator,5
"Fast delivery, good quality made in germany parts at competitive price ...100% satisfied",stars-5.svg,2021-12-13 16:11:24+00:00,GB,,motointegrator,5
"Delivery very fast, in only 6 days arrived,. and all perfect condition!",stars-5.svg,2021-11-29 14:50:22+00:00,HR,,motointegrator,5
"Extremely fast and quality Customer Service.They are currently providing answers to all questions asked.The ordered items arrived undamaged in a very short time, in just 6 days from the submitted order.Considering the order traveled 1,053km, that’s a great delivery time.The ordered goods fully correspond to the description in their webshop.Upon order, they immediately sent a document stating all the rights and obligations of the buyer and the manner in which the order can be canceled.Simple and quality communication with customers, fast service, quality products at a better price than those in my homeland.Thank you from the bottom of my heart for the excellent service and I will definitely recommend you further.",stars-5.svg,2021-10-19 17:54:45+00:00,HR,,motointegrator,5
Very good service !,stars-5.svg,2021-10-11 17:30:40+00:00,HR,,motointegrator,5
Good product fast delivery,stars-5.svg,2021-08-27 05:10:10+00:00,DE,,motointegrator,5
Very fast shipping and great store of spare parts. Danke schön !,stars-5.svg,2021-08-21 15:15:02+00:00,FR,,motointegrator,5
"Fast delivery, excellent product!",stars-5.svg,2021-07-13 06:12:21+00:00,HR,,motointegrator,5
"Everything perfect, A+++++",stars-5.svg,2021-07-11 19:00:10+00:00,SE,,motointegrator,5
Excellent price,stars-5.svg,2021-06-08 18:53:22+00:00,RS,,motointegrator,5
"Great prices, good selection and fast delivey!",stars-5.svg,2021-06-04 17:44:31+00:00,FI,,motointegrator,5
A very fair price for a quality product,stars-5.svg,2021-05-31 12:31:23+00:00,DK,,motointegrator,5
"I would definitely recommend Motointegrator for 1st class Original parts for your Car. So far I have purchased twice and returned some parts once, all the things happened so nicely. Parts were really genuine and upto the mark. Delivery was done in a timely and efficient manner with proper packing and return was issues at once. Thumbs up !",stars-5.svg,2021-05-25 08:19:30+00:00,DE,,motointegrator,5
"Everything perfect! Very fast shipping, precise content... Will buy again.",stars-5.svg,2021-05-12 19:58:24+00:00,FI,,motointegrator,5
Fast! Precise!,stars-5.svg,2021-04-30 08:48:47+00:00,SE,,motointegrator,5
Super Super Super,stars-5.svg,2021-04-26 13:16:13+00:00,DE,,motointegrator,5
"The motointegrator.de don't need review, it is well known the best auto spare parts webshop in Europe!I'm very satisfied and very happy shopping form them and always my first option to pick any part i need. I gave motointegrator.de website address to all my friends and family here in the Netherlands to buy anything they need.Excellent service, best prices, highest quality ans super fast shipping 10 /10Keep it up!",stars-5.svg,2021-01-26 01:55:32+00:00,NL,,motointegrator,5
Super Shop alles top gelaufen,stars-5.svg,2021-01-10 08:27:17+00:00,AT,,motointegrator,5
Top seller fast delivery,stars-5.svg,2020-12-15 04:37:44+00:00,CH,,motointegrator,5
"excellent service, good pricing",stars-5.svg,2020-12-07 18:18:07+00:00,DE,,motointegrator,5
I like the profile feature - keeps track of my car.Delivery is very quick. In case they don't have a component it would be nice to source it somewhere else and still provide it to me. I don't like to play a part quessing game on Google.,stars-5.svg,2020-10-19 17:04:58+00:00,DE,,motointegrator,5
Returning customer: Again professional cooperation.,stars-5.svg,2020-10-12 18:24:32+00:00,FI,,motointegrator,5
Reply from Motointegrator.de,stars-1.svg,2020-09-21 16:13:27+00:00,LT,"Lieber Kunde, die Sendung konnte nicht zugestellt werden. Laut dem Versanddienstleister: Kein Zugang zum Gebäude, kein Schild an der Klingel, Empfänger ggf. verzogen, etc. Die Sendung ist zurückgekommen. Nach Prüfung der Ware erstatten wir Ihnen den vollen Kaufbetrag. Viele Grüße Thomas",motointegrator,1
"Fast shipping, good price.",stars-5.svg,2020-09-15 16:04:38+00:00,FI,,motointegrator,5
"The item was correct and the delivery was fast. Unfortunately the item had been damaged in the shipping. The item should have been packed better, that is why 4 stars. The money was returned as promised.",stars-4.svg,2020-09-11 07:10:04+00:00,FI,,motointegrator,4
Low prices. Fast delivery. Super service.,stars-5.svg,2020-09-10 14:48:53+00:00,DE,,motointegrator,5
Very quick turnaround from Germany to UK . Great service . Will buy again.,stars-5.svg,2020-09-10 12:13:31+00:00,CO,,motointegrator,5
Top Service. Alles in Ordnung!,stars-5.svg,2020-09-07 15:56:10+00:00,DE,,motointegrator,5
I had great help vie chat when asking about my order. Vielen dank!,stars-5.svg,2020-09-07 13:48:14+00:00,FI,,motointegrator,5
Super super !!!,stars-5.svg,2020-08-31 10:05:21+00:00,DE,,motointegrator,5
"Very good service compagnie, good price and service",stars-4.svg,2020-07-31 13:00:23+00:00,FR,,motointegrator,4
"I swear, I have tried many car spare parts companies but Motointegrator is number one. Good prices, quality, fast delivery. Everything is 100%Motointegrator please keep doing well.",stars-5.svg,2020-07-27 15:51:14+00:00,DE,,motointegrator,5
"Fast shipping, very good quality.",stars-5.svg,2020-07-13 16:59:54+00:00,LT,,motointegrator,5
"I didnt recieve whole of my order, package dissapear, i have to order again but they refund missing part, anyway i have to pay double shipping cost and i loose a lot of time",stars-3.svg,2020-07-17 13:54:46+00:00,DK,"Dear customer, our shipping service provider has lost the package. We will refund the purchase amount for the lost goods. We apologize for the inconvenience. Regards, Thomas",motointegrator,3
"good prices and fast delivery, top shop",stars-5.svg,2020-07-06 20:45:30+00:00,NL,,motointegrator,5
"Excellent service, very competitive prices and fast shipping. Highly recommended. *****",stars-5.svg,2020-07-02 23:39:40+00:00,PT,,motointegrator,5
"In this two-item order, the outer box was perfect, but the clutch box was broken, with a lot of clear seal and the clutch kit with signs of being taken out of the box and tampered with. I am thinking of returning it.In dieser zweiteiligen Bestellung war die äußere Box perfekt, aber die Kupplungsbox war kaputt, mit viel klarer Dichtung und dem Kupplungssatz mit Anzeichen dafür, dass sie aus der Box genommen und manipuliert wurde. Ich denke darüber nach, es zurückzugeben.",stars-2.svg,2020-06-22 06:58:54+00:00,ES,"Dear costumer, we apologize for the inconvenience. You have the right to send the items back. Please contact our customer service. The consultants will tell you what to do. Regards, Thomas",motointegrator,2
The best autoparts shoop that i have found on the web. prices afordable to everyone.Thank you Motointegrator,stars-5.svg,2020-06-18 19:25:43+00:00,PT,,motointegrator,5
Super service - 5 stars!,stars-1.svg,2020-06-15 10:01:07+00:00,DE,"Lieber Kunde, vielen Dank für Ihren netten Kommentar. Sie haben uns jedoch nur einen Stern gegeben. Viele Grüße, Thomas",motointegrator,1
Reply from Motointegrator.de,stars-5.svg,2020-06-14 03:23:11+00:00,SE,"Lieber Kunde, es freut uns, dass wir so ein nettes Lob von Ihnen erhalten haben. Viele Grüße, Thomas",motointegrator,5
"Delivery took longer than usual, probably because of Corona. Unfortunately, something went wrong in the packaging at Motointegrator, but this was rectified instantly. Thank you for that.",stars-4.svg,2020-06-13 19:36:02+00:00,DE,"Dear customer, thank you for your good review. Regards, Thomas",motointegrator,4
Reply from Motointegrator.de,stars-5.svg,2020-06-10 17:17:47+00:00,FR,"Lieber Kunde, es freut uns, dass Sie mit unserem Service zufrieden sind. Viele Grüße, Thomas",motointegrator,5
Top. 5 Sterne. *****,stars-5.svg,2020-06-07 16:36:09+00:00,DE,"Lieber Kunde, immer wieder gerne. Viele Grüße, Thomas",motointegrator,5
ok ok ok ok ok ok,stars-5.svg,2020-05-31 18:30:50+00:00,DE,"Lieber Kunde, vielen Dank! Wir tun unser Bestes. Viele Grüße, Thomas",motointegrator,5
"Always good service. Fast response on answers, good delivery times. Nice pricing.",stars-5.svg,2020-05-25 17:46:02+00:00,NL,"Dear costumer, thank you for you good review. Regards, Thomas",motointegrator,5
"Good selection and prices. Not as good as the best when it comes to delivery times to Sweden. The order information still states ""waiting for payment"" although the goods have been paid and delivered.  Overall good experience though and will definitely buy again.",stars-4.svg,2020-05-21 09:49:19+00:00,SE,"Dear costumer, thank you for your good review. Regards, Thomas",motointegrator,4
As always.Cheap prices and fast delivery to the Netherlands.,stars-5.svg,2020-05-19 16:41:31+00:00,NL,"Lieber Kunde, wir freuen uns sehr, dass es Ihnen unser Service gefallen hat. Viele Grüße, Thomas",motointegrator,5
Reply from Motointegrator.de,stars-5.svg,2020-05-18 11:07:39+00:00,DE,"Lieber Kunde, es freut uns, dass Sie mit unserem Service zufrieden sind. Viele Grüße, Thomas",motointegrator,5
"Everything is great. Excellent prices, wide variety of parts, little bit worse on the customers service which can say a word other than what it says on the website.There is only one big problem. Why have you stopped sending to Croatia? Is there an answer to this question and I don't accept the ""please ask customer service"" cause they don't tell you nothing... Will you start sending again and when? I'll pay even more for Versand from Deutschland to Croatia, just put it back again.",stars-4.svg,2019-12-21 20:28:10+00:00,HR,"Dear customer, thank you for your trust! For logistical reasons we had to stop sending to Croatia. We won’t ship there anymore. Regards Thomas",motointegrator,4
I made the order after multiple emails and confirmation of the total cost. I made the payment through Paypal and minutes after my payment i was askedfor MORE money than agreed ...I had to communicate with them through Facebook to get refund .VERY VERY  BAD COMMUNICATION,stars-1.svg,2019-05-16 09:36:20+00:00,GR,"Dear customer, we apologize for the misunderstanding. We hope that you are satisfied with the ordered items. Regards, Thomas",motointegrator,1
"Ordered item never arrived because of delivery company had lost it. Even having official report from the postal company that sender will be indemified the did not care about the refund or resend the part. Luckily I'd paid by paypal and after 2mounts of fighting with this idi@ts, paypal refund the total amuont. There is No customer service at all, they just care about getting the money and let you in trouble alone...",stars-1.svg,2019-01-27 09:17:42+00:00,HU,"Dear customer, we regret that you had problems with our shipping service. For international delivery, the investigation process is delayed. We ask for your understanding! Regards, Thomas",motointegrator,1
"They sent the order incomple and won't send the missing item.I paid expensive shipping costs and now have to make another order and pay more shipping.Refund is not acceptable because of shipping costs.The mistake is theirs to resolve, not the costumer fault.",stars-1.svg,2017-09-01 12:10:15+00:00,PT,"Dear customer, we regret that you have received an incomplete order. Please send the order back with the return label and we will refund you the money. Regards, Thomas",motointegrator,1
